[debug] [2026-06-08T02:33:45.254Z] ----------------------------------------------------------------------
[debug] [2026-06-08T02:33:45.269Z] Command:       C:\Program Files\nodejs\node.exe C:\Users\Soaib Akhtar\AppData\Roaming\npm\node_modules\firebase-tools\lib\bin\firebase.js deploy --only functions:updateOrderStatus functions:sendOrderReadyNotification
[debug] [2026-06-08T02:33:45.270Z] CLI Version:   15.16.0
[debug] [2026-06-08T02:33:45.271Z] Platform:      win32
[debug] [2026-06-08T02:33:45.271Z] Node Version:  v20.12.2
[debug] [2026-06-08T02:33:45.271Z] Time:          Mon Jun 08 2026 08:03:45 GMT+0530 (India Standard Time)
[debug] [2026-06-08T02:33:45.272Z] ----------------------------------------------------------------------
[debug] 
[debug] [2026-06-08T02:33:50.707Z] > command requires scopes: ["email","openid","https://www.googleapis.com/auth/cloudplatformprojects.readonly","https://www.googleapis.com/auth/firebase","https://www.googleapis.com/auth/cloud-platform"]
[debug] [2026-06-08T02:33:50.708Z] > authorizing via signed-in user (akhtarsamir00@gmail.com)
[debug] [2026-06-08T02:33:50.708Z] [iam] checking project campusbite-7d7c6 for permissions ["cloudfunctions.functions.create","cloudfunctions.functions.delete","cloudfunctions.functions.get","cloudfunctions.functions.list","cloudfunctions.functions.update","cloudfunctions.operations.get","firebase.projects.get"]
[debug] [2026-06-08T02:33:50.713Z] Checked if tokens are valid: true, expires at: 1780889226631
[debug] [2026-06-08T02:33:50.714Z] Checked if tokens are valid: true, expires at: 1780889226631
[debug] [2026-06-08T02:33:50.717Z] >>> [apiv2][query] POST https://cloudresourcemanager.googleapis.com/v1/projects/campusbite-7d7c6:testIamPermissions [none]
[debug] [2026-06-08T02:33:50.717Z] >>> [apiv2][(partial)header] POST https://cloudresourcemanager.googleapis.com/v1/projects/campusbite-7d7c6:testIamPermissions  x-goog-user-project=campusbite-7d7c6
[debug] [2026-06-08T02:33:50.717Z] >>> [apiv2][body] POST https://cloudresourcemanager.googleapis.com/v1/projects/campusbite-7d7c6:testIamPermissions {"permissions":["cloudfunctions.functions.create","cloudfunctions.functions.delete","cloudfunctions.functions.get","cloudfunctions.functions.list","cloudfunctions.functions.update","cloudfunctions.operations.get","firebase.projects.get"]}
[debug] [2026-06-08T02:34:15.505Z] *** [apiv2] error from fetch(https://cloudresourcemanager.googleapis.com/v1/projects/campusbite-7d7c6:testIamPermissions, {"headers":{},"method":"POST","body":"{\"permissions\":[\"cloudfunctions.functions.create\",\"cloudfunctions.functions.delete\",\"cloudfunctions.functions.get\",\"cloudfunctions.functions.list\",\"cloudfunctions.functions.update\",\"cloudfunctions.operations.get\",\"firebase.projects.get\"]}"}): FetchError: request to https://cloudresourcemanager.googleapis.com/v1/projects/campusbite-7d7c6:testIamPermissions failed, reason: 
[debug] [2026-06-08T02:34:15.552Z] [iam] error while checking permissions, command may fail: Failed to make request to https://cloudresourcemanager.googleapis.com/v1/projects/campusbite-7d7c6:testIamPermissions
[debug] [2026-06-08T02:34:15.569Z] Checked if tokens are valid: true, expires at: 1780889226631
[debug] [2026-06-08T02:34:15.569Z] Checked if tokens are valid: true, expires at: 1780889226631
[debug] [2026-06-08T02:34:15.570Z] >>> [apiv2][query] POST https://iam.googleapis.com/v1/projects/campusbite-7d7c6/serviceAccounts/campusbite-7d7c6@appspot.gserviceaccount.com:testIamPermissions [none]
[debug] [2026-06-08T02:34:15.570Z] >>> [apiv2][body] POST https://iam.googleapis.com/v1/projects/campusbite-7d7c6/serviceAccounts/campusbite-7d7c6@appspot.gserviceaccount.com:testIamPermissions {"permissions":["iam.serviceAccounts.actAs"]}
[debug] [2026-06-08T02:34:39.358Z] *** [apiv2] error from fetch(https://iam.googleapis.com/v1/projects/campusbite-7d7c6/serviceAccounts/campusbite-7d7c6@appspot.gserviceaccount.com:testIamPermissions, {"headers":{},"method":"POST","body":"{\"permissions\":[\"iam.serviceAccounts.actAs\"]}"}): FetchError: request to https://iam.googleapis.com/v1/projects/campusbite-7d7c6/serviceAccounts/campusbite-7d7c6@appspot.gserviceaccount.com:testIamPermissions failed, reason: 
[debug] [2026-06-08T02:34:39.359Z] [functions] service account IAM check errored, deploy may fail: Failed to make request to https://iam.googleapis.com/v1/projects/campusbite-7d7c6/serviceAccounts/campusbite-7d7c6@appspot.gserviceaccount.com:testIamPermissions {"name":"FirebaseError","children":[],"exit":1,"message":"Failed to make request to https://iam.googleapis.com/v1/projects/campusbite-7d7c6/serviceAccounts/campusbite-7d7c6@appspot.gserviceaccount.com:testIamPermissions","original":{"message":"request to https://iam.googleapis.com/v1/projects/campusbite-7d7c6/serviceAccounts/campusbite-7d7c6@appspot.gserviceaccount.com:testIamPermissions failed, reason: ","type":"system","errno":"ETIMEDOUT","code":"ETIMEDOUT"},"status":500}
[info] 
[info] === Deploying to 'campusbite-7d7c6'...
[info] 
[info] i  deploying functions 
[debug] [2026-06-08T02:34:39.405Z] Checked if tokens are valid: true, expires at: 1780889226631
[debug] [2026-06-08T02:34:39.406Z] Checked if tokens are valid: true, expires at: 1780889226631
[debug] [2026-06-08T02:34:39.408Z] >>> [apiv2][query] GET https://cloudresourcemanager.googleapis.com/v1/projects/campusbite-7d7c6 [none]
[debug] [2026-06-08T02:35:03.388Z] *** [apiv2] error from fetch(https://cloudresourcemanager.googleapis.com/v1/projects/campusbite-7d7c6, {"headers":{},"method":"GET"}): FetchError: request to https://cloudresourcemanager.googleapis.com/v1/projects/campusbite-7d7c6 failed, reason: 
[debug] [2026-06-08T02:35:08.421Z] Error: Timed out.
    at Timeout._onTimeout (C:\Users\Soaib Akhtar\AppData\Roaming\npm\node_modules\firebase-tools\lib\utils.js:309:49)
    at listOnTimeout (node:internal/timers:573:17)
    at process.processTimers (node:internal/timers:514:7)
[error] 
[error] Error: An unexpected error has occurred.
[debug] [2026-06-08T02:36:31.412Z] ----------------------------------------------------------------------
[debug] [2026-06-08T02:36:31.429Z] Command:       C:\Program Files\nodejs\node.exe C:\Users\Soaib Akhtar\AppData\Roaming\npm\node_modules\firebase-tools\lib\bin\firebase.js deploy --only functions:updateOrderStatus functions:sendOrderReadyNotification --debug
[debug] [2026-06-08T02:36:31.430Z] CLI Version:   15.16.0
[debug] [2026-06-08T02:36:31.430Z] Platform:      win32
[debug] [2026-06-08T02:36:31.431Z] Node Version:  v20.12.2
[debug] [2026-06-08T02:36:31.431Z] Time:          Mon Jun 08 2026 08:06:31 GMT+0530 (India Standard Time)
[debug] [2026-06-08T02:36:31.432Z] ----------------------------------------------------------------------
[debug] 
[debug] [2026-06-08T02:36:36.493Z] > command requires scopes: ["email","openid","https://www.googleapis.com/auth/cloudplatformprojects.readonly","https://www.googleapis.com/auth/firebase","https://www.googleapis.com/auth/cloud-platform"]
[debug] [2026-06-08T02:36:36.498Z] > authorizing via signed-in user (akhtarsamir00@gmail.com)
[debug] [2026-06-08T02:36:36.499Z] [iam] checking project campusbite-7d7c6 for permissions ["cloudfunctions.functions.create","cloudfunctions.functions.delete","cloudfunctions.functions.get","cloudfunctions.functions.list","cloudfunctions.functions.update","cloudfunctions.operations.get","firebase.projects.get"]
[debug] [2026-06-08T02:36:36.503Z] Checked if tokens are valid: true, expires at: 1780889226631
[debug] [2026-06-08T02:36:36.504Z] Checked if tokens are valid: true, expires at: 1780889226631
[debug] [2026-06-08T02:36:36.506Z] >>> [apiv2][query] POST https://cloudresourcemanager.googleapis.com/v1/projects/campusbite-7d7c6:testIamPermissions [none]
[debug] [2026-06-08T02:36:36.507Z] >>> [apiv2][(partial)header] POST https://cloudresourcemanager.googleapis.com/v1/projects/campusbite-7d7c6:testIamPermissions  x-goog-user-project=campusbite-7d7c6
[debug] [2026-06-08T02:36:36.508Z] >>> [apiv2][body] POST https://cloudresourcemanager.googleapis.com/v1/projects/campusbite-7d7c6:testIamPermissions {"permissions":["cloudfunctions.functions.create","cloudfunctions.functions.delete","cloudfunctions.functions.get","cloudfunctions.functions.list","cloudfunctions.functions.update","cloudfunctions.operations.get","firebase.projects.get"]}
[debug] [2026-06-08T02:36:38.411Z] <<< [apiv2][status] POST https://cloudresourcemanager.googleapis.com/v1/projects/campusbite-7d7c6:testIamPermissions 200
[debug] [2026-06-08T02:36:38.412Z] <<< [apiv2][body] POST https://cloudresourcemanager.googleapis.com/v1/projects/campusbite-7d7c6:testIamPermissions {"permissions":["cloudfunctions.functions.create","cloudfunctions.functions.delete","cloudfunctions.functions.get","cloudfunctions.functions.list","cloudfunctions.functions.update","cloudfunctions.operations.get","firebase.projects.get"]}
[debug] [2026-06-08T02:36:38.414Z] Checked if tokens are valid: true, expires at: 1780889226631
[debug] [2026-06-08T02:36:38.415Z] Checked if tokens are valid: true, expires at: 1780889226631
[debug] [2026-06-08T02:36:38.415Z] >>> [apiv2][query] POST https://iam.googleapis.com/v1/projects/campusbite-7d7c6/serviceAccounts/campusbite-7d7c6@appspot.gserviceaccount.com:testIamPermissions [none]
[debug] [2026-06-08T02:36:38.416Z] >>> [apiv2][body] POST https://iam.googleapis.com/v1/projects/campusbite-7d7c6/serviceAccounts/campusbite-7d7c6@appspot.gserviceaccount.com:testIamPermissions {"permissions":["iam.serviceAccounts.actAs"]}
[debug] [2026-06-08T02:36:40.337Z] <<< [apiv2][status] POST https://iam.googleapis.com/v1/projects/campusbite-7d7c6/serviceAccounts/campusbite-7d7c6@appspot.gserviceaccount.com:testIamPermissions 200
[debug] [2026-06-08T02:36:40.338Z] <<< [apiv2][body] POST https://iam.googleapis.com/v1/projects/campusbite-7d7c6/serviceAccounts/campusbite-7d7c6@appspot.gserviceaccount.com:testIamPermissions {"permissions":["iam.serviceAccounts.actAs"]}
[info] 
[info] === Deploying to 'campusbite-7d7c6'...
[info] 
[info] i  deploying functions 
[debug] [2026-06-08T02:36:40.351Z] Checked if tokens are valid: true, expires at: 1780889226631
[debug] [2026-06-08T02:36:40.352Z] Checked if tokens are valid: true, expires at: 1780889226631
[debug] [2026-06-08T02:36:40.353Z] >>> [apiv2][query] GET https://cloudresourcemanager.googleapis.com/v1/projects/campusbite-7d7c6 [none]
[debug] [2026-06-08T02:36:40.724Z] <<< [apiv2][status] GET https://cloudresourcemanager.googleapis.com/v1/projects/campusbite-7d7c6 200
[debug] [2026-06-08T02:36:40.725Z] <<< [apiv2][body] GET https://cloudresourcemanager.googleapis.com/v1/projects/campusbite-7d7c6 {"projectNumber":"542895519847","projectId":"campusbite-7d7c6","lifecycleState":"ACTIVE","name":"CampusBite","labels":{"firebase":"enabled","firebase-core":"disabled"},"createTime":"2026-04-24T08:21:07.845Z"}
[info] i  functions: preparing codebase default for deployment 
[info] i  functions: ensuring required API cloudfunctions.googleapis.com is enabled... 
[info] i  functions: ensuring required API cloudbuild.googleapis.com is enabled... 
[debug] [2026-06-08T02:36:40.735Z] Checked if tokens are valid: true, expires at: 1780889226631
[debug] [2026-06-08T02:36:40.736Z] Checked if tokens are valid: true, expires at: 1780889226631
[info] i  artifactregistry: ensuring required API artifactregistry.googleapis.com is enabled... 
[debug] [2026-06-08T02:36:40.739Z] Checked if tokens are valid: true, expires at: 1780889226631
[debug] [2026-06-08T02:36:40.740Z] Checked if tokens are valid: true, expires at: 1780889226631
[debug] [2026-06-08T02:36:40.741Z] >>> [apiv2][query] GET https://serviceusage.googleapis.com/v1/projects/campusbite-7d7c6/services/cloudbuild.googleapis.com [none]
[debug] [2026-06-08T02:36:40.742Z] >>> [apiv2][(partial)header] GET https://serviceusage.googleapis.com/v1/projects/campusbite-7d7c6/services/cloudbuild.googleapis.com  x-goog-user-project=campusbite-7d7c6
[debug] [2026-06-08T02:36:40.746Z] >>> [apiv2][query] GET https://serviceusage.googleapis.com/v1/projects/campusbite-7d7c6/services/artifactregistry.googleapis.com [none]
[debug] [2026-06-08T02:36:40.748Z] >>> [apiv2][(partial)header] GET https://serviceusage.googleapis.com/v1/projects/campusbite-7d7c6/services/artifactregistry.googleapis.com  x-goog-user-project=campusbite-7d7c6
[debug] [2026-06-08T02:36:42.883Z] <<< [apiv2][status] GET https://serviceusage.googleapis.com/v1/projects/campusbite-7d7c6/services/cloudbuild.googleapis.com 200
[debug] [2026-06-08T02:36:42.884Z] <<< [apiv2][body] GET https://serviceusage.googleapis.com/v1/projects/campusbite-7d7c6/services/cloudbuild.googleapis.com [omitted]
[warn] !  functions: missing required API cloudbuild.googleapis.com. Enabling now... 
[debug] [2026-06-08T02:36:42.887Z] Checked if tokens are valid: true, expires at: 1780889226631
[debug] [2026-06-08T02:36:42.888Z] Checked if tokens are valid: true, expires at: 1780889226631
[debug] [2026-06-08T02:36:42.889Z] >>> [apiv2][query] POST https://serviceusage.googleapis.com/v1/projects/campusbite-7d7c6/services/cloudbuild.googleapis.com:enable [none]
[debug] [2026-06-08T02:36:42.890Z] >>> [apiv2][(partial)header] POST https://serviceusage.googleapis.com/v1/projects/campusbite-7d7c6/services/cloudbuild.googleapis.com:enable  x-goog-user-project=campusbite-7d7c6
[debug] [2026-06-08T02:36:42.896Z] <<< [apiv2][status] GET https://serviceusage.googleapis.com/v1/projects/campusbite-7d7c6/services/artifactregistry.googleapis.com 200
[debug] [2026-06-08T02:36:42.897Z] <<< [apiv2][body] GET https://serviceusage.googleapis.com/v1/projects/campusbite-7d7c6/services/artifactregistry.googleapis.com [omitted]
[warn] !  artifactregistry: missing required API artifactregistry.googleapis.com. Enabling now... 
[debug] [2026-06-08T02:36:42.899Z] Checked if tokens are valid: true, expires at: 1780889226631
[debug] [2026-06-08T02:36:42.900Z] Checked if tokens are valid: true, expires at: 1780889226631
[debug] [2026-06-08T02:36:42.901Z] >>> [apiv2][query] POST https://serviceusage.googleapis.com/v1/projects/campusbite-7d7c6/services/artifactregistry.googleapis.com:enable [none]
[debug] [2026-06-08T02:36:42.902Z] >>> [apiv2][(partial)header] POST https://serviceusage.googleapis.com/v1/projects/campusbite-7d7c6/services/artifactregistry.googleapis.com:enable  x-goog-user-project=campusbite-7d7c6
[debug] [2026-06-08T02:36:43.407Z] <<< [apiv2][status] POST https://serviceusage.googleapis.com/v1/projects/campusbite-7d7c6/services/artifactregistry.googleapis.com:enable 400
[debug] [2026-06-08T02:36:43.407Z] <<< [apiv2][body] POST https://serviceusage.googleapis.com/v1/projects/campusbite-7d7c6/services/artifactregistry.googleapis.com:enable [omitted]
[error] 
[error] Error: Request to https://serviceusage.googleapis.com/v1/projects/campusbite-7d7c6/services/artifactregistry.googleapis.com:enable had HTTP Error: 400, Billing account for project '542895519847' is not open. Billing must be enabled for activation of service(s) 'artifactregistry.googleapis.com' to proceed.
Help Token: AfYMUrimf7H0x3EkVrsneTBcAXQw16z1hKwRQ3qVkTfXqCZ-JPtT6i7EWcSl78f9OeXk_lbPktDUiz4Em-B9zUbaG_47cd87om89sltp_8SL_EsY
[debug] [2026-06-08T02:36:43.774Z] Error Context: {
  "body": {
    "error": {
      "code": 400,
      "message": "Billing account for project '542895519847' is not open. Billing must be enabled for activation of service(s) 'artifactregistry.googleapis.com' to proceed.\nHelp Token: AfYMUrimf7H0x3EkVrsneTBcAXQw16z1hKwRQ3qVkTfXqCZ-JPtT6i7EWcSl78f9OeXk_lbPktDUiz4Em-B9zUbaG_47cd87om89sltp_8SL_EsY",
      "status": "FAILED_PRECONDITION",
      "details": [
        {
          "@type": "type.googleapis.com/google.rpc.PreconditionFailure",
          "violations": [
            {
              "type": "googleapis.com/billing-enabled",
              "subject": "?error_code=390002&project=542895519847&services=artifactregistry.googleapis.com"
            }
          ]
        },
        {
          "@type": "type.googleapis.com/google.rpc.ErrorInfo",
          "reason": "UREQ_PROJECT_BILLING_NOT_OPEN",
          "domain": "serviceusage.googleapis.com/billing-enabled",
          "metadata": {
            "project": "542895519847",
            "services": "artifactregistry.googleapis.com"
          }
        }
      ]
    }
  },
  "response": {
    "statusCode": 400
  }
}
[debug] [2026-06-08T02:44:40.032Z] ----------------------------------------------------------------------
[debug] [2026-06-08T02:44:40.044Z] Command:       C:\Program Files\nodejs\node.exe C:\Users\Soaib Akhtar\AppData\Roaming\npm\node_modules\firebase-tools\lib\bin\firebase.js deploy --only functions:updateOrderStatus functions:sendOrderReadyNotification
[debug] [2026-06-08T02:44:40.045Z] CLI Version:   15.16.0
[debug] [2026-06-08T02:44:40.046Z] Platform:      win32
[debug] [2026-06-08T02:44:40.046Z] Node Version:  v20.12.2
[debug] [2026-06-08T02:44:40.046Z] Time:          Mon Jun 08 2026 08:14:40 GMT+0530 (India Standard Time)
[debug] [2026-06-08T02:44:40.046Z] ----------------------------------------------------------------------
[debug] 
[debug] [2026-06-08T02:44:44.850Z] > command requires scopes: ["email","openid","https://www.googleapis.com/auth/cloudplatformprojects.readonly","https://www.googleapis.com/auth/firebase","https://www.googleapis.com/auth/cloud-platform"]
[debug] [2026-06-08T02:44:44.850Z] > authorizing via signed-in user (akhtarsamir00@gmail.com)
[debug] [2026-06-08T02:44:44.851Z] [iam] checking project campusbite-7d7c6 for permissions ["cloudfunctions.functions.create","cloudfunctions.functions.delete","cloudfunctions.functions.get","cloudfunctions.functions.list","cloudfunctions.functions.update","cloudfunctions.operations.get","firebase.projects.get"]
[debug] [2026-06-08T02:44:44.853Z] Checked if tokens are valid: true, expires at: 1780889226631
[debug] [2026-06-08T02:44:44.854Z] Checked if tokens are valid: true, expires at: 1780889226631
[debug] [2026-06-08T02:44:44.856Z] >>> [apiv2][query] POST https://cloudresourcemanager.googleapis.com/v1/projects/campusbite-7d7c6:testIamPermissions [none]
[debug] [2026-06-08T02:44:44.856Z] >>> [apiv2][(partial)header] POST https://cloudresourcemanager.googleapis.com/v1/projects/campusbite-7d7c6:testIamPermissions  x-goog-user-project=campusbite-7d7c6
[debug] [2026-06-08T02:44:44.856Z] >>> [apiv2][body] POST https://cloudresourcemanager.googleapis.com/v1/projects/campusbite-7d7c6:testIamPermissions {"permissions":["cloudfunctions.functions.create","cloudfunctions.functions.delete","cloudfunctions.functions.get","cloudfunctions.functions.list","cloudfunctions.functions.update","cloudfunctions.operations.get","firebase.projects.get"]}
[debug] [2026-06-08T02:44:46.756Z] <<< [apiv2][status] POST https://cloudresourcemanager.googleapis.com/v1/projects/campusbite-7d7c6:testIamPermissions 200
[debug] [2026-06-08T02:44:46.756Z] <<< [apiv2][body] POST https://cloudresourcemanager.googleapis.com/v1/projects/campusbite-7d7c6:testIamPermissions {"permissions":["cloudfunctions.functions.create","cloudfunctions.functions.delete","cloudfunctions.functions.get","cloudfunctions.functions.list","cloudfunctions.functions.update","cloudfunctions.operations.get","firebase.projects.get"]}
[debug] [2026-06-08T02:44:46.757Z] Checked if tokens are valid: true, expires at: 1780889226631
[debug] [2026-06-08T02:44:46.757Z] Checked if tokens are valid: true, expires at: 1780889226631
[debug] [2026-06-08T02:44:46.758Z] >>> [apiv2][query] POST https://iam.googleapis.com/v1/projects/campusbite-7d7c6/serviceAccounts/campusbite-7d7c6@appspot.gserviceaccount.com:testIamPermissions [none]
[debug] [2026-06-08T02:44:46.758Z] >>> [apiv2][body] POST https://iam.googleapis.com/v1/projects/campusbite-7d7c6/serviceAccounts/campusbite-7d7c6@appspot.gserviceaccount.com:testIamPermissions {"permissions":["iam.serviceAccounts.actAs"]}
[debug] [2026-06-08T02:44:48.983Z] <<< [apiv2][status] POST https://iam.googleapis.com/v1/projects/campusbite-7d7c6/serviceAccounts/campusbite-7d7c6@appspot.gserviceaccount.com:testIamPermissions 200
[debug] [2026-06-08T02:44:48.983Z] <<< [apiv2][body] POST https://iam.googleapis.com/v1/projects/campusbite-7d7c6/serviceAccounts/campusbite-7d7c6@appspot.gserviceaccount.com:testIamPermissions {"permissions":["iam.serviceAccounts.actAs"]}
[info] 
[info] === Deploying to 'campusbite-7d7c6'...
[info] 
[info] i  deploying functions 
[debug] [2026-06-08T02:44:49.014Z] Checked if tokens are valid: true, expires at: 1780889226631
[debug] [2026-06-08T02:44:49.015Z] Checked if tokens are valid: true, expires at: 1780889226631
[debug] [2026-06-08T02:44:49.019Z] >>> [apiv2][query] GET https://cloudresourcemanager.googleapis.com/v1/projects/campusbite-7d7c6 [none]
[debug] [2026-06-08T02:44:49.572Z] <<< [apiv2][status] GET https://cloudresourcemanager.googleapis.com/v1/projects/campusbite-7d7c6 200
[debug] [2026-06-08T02:44:49.572Z] <<< [apiv2][body] GET https://cloudresourcemanager.googleapis.com/v1/projects/campusbite-7d7c6 {"projectNumber":"542895519847","projectId":"campusbite-7d7c6","lifecycleState":"ACTIVE","name":"CampusBite","labels":{"firebase":"enabled","firebase-core":"disabled"},"createTime":"2026-04-24T08:21:07.845Z"}
[info] i  functions: preparing codebase default for deployment 
[info] i  functions: ensuring required API cloudfunctions.googleapis.com is enabled... 
[info] i  functions: ensuring required API cloudbuild.googleapis.com is enabled... 
[debug] [2026-06-08T02:44:49.579Z] Checked if tokens are valid: true, expires at: 1780889226631
[debug] [2026-06-08T02:44:49.579Z] Checked if tokens are valid: true, expires at: 1780889226631
[info] i  artifactregistry: ensuring required API artifactregistry.googleapis.com is enabled... 
[debug] [2026-06-08T02:44:49.581Z] Checked if tokens are valid: true, expires at: 1780889226631
[debug] [2026-06-08T02:44:49.582Z] Checked if tokens are valid: true, expires at: 1780889226631
[debug] [2026-06-08T02:44:49.582Z] >>> [apiv2][query] GET https://serviceusage.googleapis.com/v1/projects/campusbite-7d7c6/services/cloudbuild.googleapis.com [none]
[debug] [2026-06-08T02:44:49.582Z] >>> [apiv2][(partial)header] GET https://serviceusage.googleapis.com/v1/projects/campusbite-7d7c6/services/cloudbuild.googleapis.com  x-goog-user-project=campusbite-7d7c6
[debug] [2026-06-08T02:44:49.585Z] >>> [apiv2][query] GET https://serviceusage.googleapis.com/v1/projects/campusbite-7d7c6/services/artifactregistry.googleapis.com [none]
[debug] [2026-06-08T02:44:49.586Z] >>> [apiv2][(partial)header] GET https://serviceusage.googleapis.com/v1/projects/campusbite-7d7c6/services/artifactregistry.googleapis.com  x-goog-user-project=campusbite-7d7c6
[debug] [2026-06-08T02:44:51.679Z] <<< [apiv2][status] GET https://serviceusage.googleapis.com/v1/projects/campusbite-7d7c6/services/cloudbuild.googleapis.com 200
[debug] [2026-06-08T02:44:51.679Z] <<< [apiv2][body] GET https://serviceusage.googleapis.com/v1/projects/campusbite-7d7c6/services/cloudbuild.googleapis.com [omitted]
[warn] !  functions: missing required API cloudbuild.googleapis.com. Enabling now... 
[debug] [2026-06-08T02:44:51.681Z] Checked if tokens are valid: true, expires at: 1780889226631
[debug] [2026-06-08T02:44:51.681Z] Checked if tokens are valid: true, expires at: 1780889226631
[debug] [2026-06-08T02:44:51.681Z] >>> [apiv2][query] POST https://serviceusage.googleapis.com/v1/projects/campusbite-7d7c6/services/cloudbuild.googleapis.com:enable [none]
[debug] [2026-06-08T02:44:51.681Z] >>> [apiv2][(partial)header] POST https://serviceusage.googleapis.com/v1/projects/campusbite-7d7c6/services/cloudbuild.googleapis.com:enable  x-goog-user-project=campusbite-7d7c6
[debug] [2026-06-08T02:44:51.704Z] <<< [apiv2][status] GET https://serviceusage.googleapis.com/v1/projects/campusbite-7d7c6/services/artifactregistry.googleapis.com 200
[debug] [2026-06-08T02:44:51.705Z] <<< [apiv2][body] GET https://serviceusage.googleapis.com/v1/projects/campusbite-7d7c6/services/artifactregistry.googleapis.com [omitted]
[warn] !  artifactregistry: missing required API artifactregistry.googleapis.com. Enabling now... 
[debug] [2026-06-08T02:44:51.707Z] Checked if tokens are valid: true, expires at: 1780889226631
[debug] [2026-06-08T02:44:51.707Z] Checked if tokens are valid: true, expires at: 1780889226631
[debug] [2026-06-08T02:44:51.708Z] >>> [apiv2][query] POST https://serviceusage.googleapis.com/v1/projects/campusbite-7d7c6/services/artifactregistry.googleapis.com:enable [none]
[debug] [2026-06-08T02:44:51.708Z] >>> [apiv2][(partial)header] POST https://serviceusage.googleapis.com/v1/projects/campusbite-7d7c6/services/artifactregistry.googleapis.com:enable  x-goog-user-project=campusbite-7d7c6
[debug] [2026-06-08T02:44:53.712Z] <<< [apiv2][status] POST https://serviceusage.googleapis.com/v1/projects/campusbite-7d7c6/services/artifactregistry.googleapis.com:enable 200
[debug] [2026-06-08T02:44:53.712Z] <<< [apiv2][body] POST https://serviceusage.googleapis.com/v1/projects/campusbite-7d7c6/services/artifactregistry.googleapis.com:enable [omitted]
[debug] [2026-06-08T02:44:53.723Z] <<< [apiv2][status] POST https://serviceusage.googleapis.com/v1/projects/campusbite-7d7c6/services/cloudbuild.googleapis.com:enable 200
[debug] [2026-06-08T02:44:53.723Z] <<< [apiv2][body] POST https://serviceusage.googleapis.com/v1/projects/campusbite-7d7c6/services/cloudbuild.googleapis.com:enable [omitted]
[debug] [2026-06-08T02:45:03.740Z] Checked if tokens are valid: true, expires at: 1780889226631
[debug] [2026-06-08T02:45:03.741Z] Checked if tokens are valid: true, expires at: 1780889226631
[debug] [2026-06-08T02:45:03.741Z] >>> [apiv2][query] GET https://firebase.googleapis.com/v1beta1/projects/campusbite-7d7c6/adminSdkConfig [none]
[debug] [2026-06-08T02:45:04.970Z] <<< [apiv2][status] GET https://firebase.googleapis.com/v1beta1/projects/campusbite-7d7c6/adminSdkConfig 200
[debug] [2026-06-08T02:45:04.970Z] <<< [apiv2][body] GET https://firebase.googleapis.com/v1beta1/projects/campusbite-7d7c6/adminSdkConfig {"projectId":"campusbite-7d7c6","storageBucket":"campusbite-7d7c6.firebasestorage.app"}
[debug] [2026-06-08T02:45:04.989Z] Validating nodejs source
[debug] [2026-06-08T02:45:09.579Z] > [functions] package.json contents: {
  "name": "functions",
  "description": "Cloud Functions for Firebase",
  "scripts": {
    "serve": "firebase emulators:start --only functions",
    "shell": "firebase functions:shell",
    "start": "npm run shell",
    "deploy": "firebase deploy --only functions",
    "logs": "firebase functions:log"
  },
  "engines": {
    "node": "24"
  },
  "main": "index.js",
  "dependencies": {
    "firebase-admin": "^13.6.0",
    "firebase-functions": "^7.0.0"
  },
  "devDependencies": {
    "firebase-functions-test": "^3.4.1"
  },
  "private": true
}
[debug] [2026-06-08T02:45:09.580Z] Building nodejs source
[info] i  functions: Loading and analyzing source code for codebase default to determine what to deploy 
[debug] [2026-06-08T02:45:09.583Z] Could not find functions.yaml. Must use http discovery
[debug] [2026-06-08T02:45:09.611Z] Found firebase-functions binary at 'C:\CampusBite\functions\node_modules\.bin\firebase-functions'
[info] Serving at port 8799

[debug] [2026-06-08T02:45:12.403Z] Got response from /__/functions.yaml {"endpoints":{"updateOrderStatus":{"availableMemoryMb":null,"timeoutSeconds":null,"minInstances":null,"maxInstances":null,"ingressSettings":null,"concurrency":null,"serviceAccountEmail":null,"vpc":null,"platform":"gcfv2","labels":{},"callableTrigger":{},"entryPoint":"updateOrderStatus"},"sendOrderReadyNotification":{"availableMemoryMb":null,"timeoutSeconds":null,"minInstances":null,"maxInstances":null,"ingressSettings":null,"concurrency":null,"serviceAccountEmail":null,"vpc":null,"platform":"gcfv2","labels":{},"eventTrigger":{"eventType":"google.cloud.firestore.document.v1.updated","eventFilters":{"database":"(default)","namespace":"(default)"},"eventFilterPathPatterns":{"document":"orders/{orderId}"},"retry":false},"entryPoint":"sendOrderReadyNotification"}},"specVersion":"v1alpha1","requiredAPIs":[],"extensions":{}}
[info] i  extensions: ensuring required API firebaseextensions.googleapis.com is enabled... 
[debug] [2026-06-08T02:45:17.497Z] Checked if tokens are valid: true, expires at: 1780889226631
[debug] [2026-06-08T02:45:17.497Z] Checked if tokens are valid: true, expires at: 1780889226631
[debug] [2026-06-08T02:45:17.497Z] >>> [apiv2][query] GET https://serviceusage.googleapis.com/v1/projects/campusbite-7d7c6/services/firebaseextensions.googleapis.com [none]
[debug] [2026-06-08T02:45:17.497Z] >>> [apiv2][(partial)header] GET https://serviceusage.googleapis.com/v1/projects/campusbite-7d7c6/services/firebaseextensions.googleapis.com  x-goog-user-project=campusbite-7d7c6
[debug] [2026-06-08T02:45:19.920Z] <<< [apiv2][status] GET https://serviceusage.googleapis.com/v1/projects/campusbite-7d7c6/services/firebaseextensions.googleapis.com 200
[debug] [2026-06-08T02:45:19.920Z] <<< [apiv2][body] GET https://serviceusage.googleapis.com/v1/projects/campusbite-7d7c6/services/firebaseextensions.googleapis.com [omitted]
[warn] !  extensions: missing required API firebaseextensions.googleapis.com. Enabling now... 
[debug] [2026-06-08T02:45:19.921Z] Checked if tokens are valid: true, expires at: 1780889226631
[debug] [2026-06-08T02:45:19.921Z] Checked if tokens are valid: true, expires at: 1780889226631
[debug] [2026-06-08T02:45:19.921Z] >>> [apiv2][query] POST https://serviceusage.googleapis.com/v1/projects/campusbite-7d7c6/services/firebaseextensions.googleapis.com:enable [none]
[debug] [2026-06-08T02:45:19.921Z] >>> [apiv2][(partial)header] POST https://serviceusage.googleapis.com/v1/projects/campusbite-7d7c6/services/firebaseextensions.googleapis.com:enable  x-goog-user-project=campusbite-7d7c6
[debug] [2026-06-08T02:45:22.127Z] <<< [apiv2][status] POST https://serviceusage.googleapis.com/v1/projects/campusbite-7d7c6/services/firebaseextensions.googleapis.com:enable 200
[debug] [2026-06-08T02:45:22.127Z] <<< [apiv2][body] POST https://serviceusage.googleapis.com/v1/projects/campusbite-7d7c6/services/firebaseextensions.googleapis.com:enable [omitted]
[debug] [2026-06-08T02:45:32.150Z] > command requires scopes: ["email","openid","https://www.googleapis.com/auth/cloudplatformprojects.readonly","https://www.googleapis.com/auth/firebase","https://www.googleapis.com/auth/cloud-platform"]
[debug] [2026-06-08T02:45:32.151Z] > authorizing via signed-in user (akhtarsamir00@gmail.com)
[debug] [2026-06-08T02:45:32.151Z] [iam] checking project campusbite-7d7c6 for permissions ["firebase.projects.get","firebaseextensions.instances.list"]
[debug] [2026-06-08T02:45:32.151Z] Checked if tokens are valid: true, expires at: 1780889226631
[debug] [2026-06-08T02:45:32.151Z] Checked if tokens are valid: true, expires at: 1780889226631
[debug] [2026-06-08T02:45:32.152Z] >>> [apiv2][query] POST https://cloudresourcemanager.googleapis.com/v1/projects/campusbite-7d7c6:testIamPermissions [none]
[debug] [2026-06-08T02:45:32.152Z] >>> [apiv2][(partial)header] POST https://cloudresourcemanager.googleapis.com/v1/projects/campusbite-7d7c6:testIamPermissions  x-goog-user-project=campusbite-7d7c6
[debug] [2026-06-08T02:45:32.152Z] >>> [apiv2][body] POST https://cloudresourcemanager.googleapis.com/v1/projects/campusbite-7d7c6:testIamPermissions {"permissions":["firebase.projects.get","firebaseextensions.instances.list"]}
[debug] [2026-06-08T02:45:33.830Z] <<< [apiv2][status] POST https://cloudresourcemanager.googleapis.com/v1/projects/campusbite-7d7c6:testIamPermissions 200
[debug] [2026-06-08T02:45:33.831Z] <<< [apiv2][body] POST https://cloudresourcemanager.googleapis.com/v1/projects/campusbite-7d7c6:testIamPermissions {"permissions":["firebase.projects.get","firebaseextensions.instances.list"]}
[debug] [2026-06-08T02:45:33.832Z] Checked if tokens are valid: true, expires at: 1780889226631
[debug] [2026-06-08T02:45:33.833Z] Checked if tokens are valid: true, expires at: 1780889226631
[debug] [2026-06-08T02:45:33.836Z] >>> [apiv2][query] GET https://firebaseextensions.googleapis.com/v1beta/projects/campusbite-7d7c6/instances pageSize=100&pageToken=
[debug] [2026-06-08T02:45:37.133Z] <<< [apiv2][status] GET https://firebaseextensions.googleapis.com/v1beta/projects/campusbite-7d7c6/instances 200
[debug] [2026-06-08T02:45:37.134Z] <<< [apiv2][body] GET https://firebaseextensions.googleapis.com/v1beta/projects/campusbite-7d7c6/instances {}
[info] i  functions: preparing functions directory for uploading... 
[info] i  functions: packaged C:\CampusBite\functions (71.35 KB) for uploading 
[debug] [2026-06-08T02:45:37.236Z] Checked if tokens are valid: true, expires at: 1780889226631
[debug] [2026-06-08T02:45:37.236Z] Checked if tokens are valid: true, expires at: 1780889226631
[debug] [2026-06-08T02:45:37.237Z] >>> [apiv2][query] GET https://cloudfunctions.googleapis.com/v1/projects/campusbite-7d7c6/locations/-/functions [none]
[debug] [2026-06-08T02:45:38.350Z] <<< [apiv2][status] GET https://cloudfunctions.googleapis.com/v1/projects/campusbite-7d7c6/locations/-/functions 200
[debug] [2026-06-08T02:45:38.350Z] <<< [apiv2][body] GET https://cloudfunctions.googleapis.com/v1/projects/campusbite-7d7c6/locations/-/functions {}
[debug] [2026-06-08T02:45:38.351Z] Checked if tokens are valid: true, expires at: 1780889226631
[debug] [2026-06-08T02:45:38.351Z] Checked if tokens are valid: true, expires at: 1780889226631
[debug] [2026-06-08T02:45:38.351Z] >>> [apiv2][query] GET https://cloudfunctions.googleapis.com/v2/projects/campusbite-7d7c6/locations/-/functions filter=environment%3D%22GEN_2%22
[debug] [2026-06-08T02:45:40.128Z] <<< [apiv2][status] GET https://cloudfunctions.googleapis.com/v2/projects/campusbite-7d7c6/locations/-/functions 200
[debug] [2026-06-08T02:45:40.128Z] <<< [apiv2][body] GET https://cloudfunctions.googleapis.com/v2/projects/campusbite-7d7c6/locations/-/functions {}
[debug] [2026-06-08T02:45:40.130Z] Checked if tokens are valid: true, expires at: 1780889226631
[debug] [2026-06-08T02:45:40.130Z] Checked if tokens are valid: true, expires at: 1780889226631
[debug] [2026-06-08T02:45:40.131Z] >>> [apiv2][query] GET https://firestore.googleapis.com/v1/projects/campusbite-7d7c6/databases/(default) [none]
[debug] [2026-06-08T02:45:40.583Z] <<< [apiv2][status] GET https://firestore.googleapis.com/v1/projects/campusbite-7d7c6/databases/(default) 200
[debug] [2026-06-08T02:45:40.583Z] <<< [apiv2][body] GET https://firestore.googleapis.com/v1/projects/campusbite-7d7c6/databases/(default) {"name":"projects/campusbite-7d7c6/databases/(default)","uid":"89bde401-658f-473f-b2c8-fb6b056b5180","createTime":"2026-04-28T19:51:12.923601Z","updateTime":"2026-04-28T19:51:12.923601Z","locationId":"asia-south1","type":"FIRESTORE_NATIVE","concurrencyMode":"PESSIMISTIC","versionRetentionPeriod":"3600s","earliestVersionTime":"2026-06-08T01:45:40.893849Z","appEngineIntegrationMode":"DISABLED","keyPrefix":"j","pointInTimeRecoveryEnablement":"POINT_IN_TIME_RECOVERY_DISABLED","deleteProtectionState":"DELETE_PROTECTION_DISABLED","databaseEdition":"STANDARD","freeTier":true,"realtimeUpdatesMode":"REALTIME_UPDATES_MODE_ENABLED","etag":"INz7zYzQ9pQDMJiXiLmtkZQD"}
[info] i  functions: ensuring required API run.googleapis.com is enabled... 
[debug] [2026-06-08T02:45:40.587Z] Checked if tokens are valid: true, expires at: 1780889226631
[debug] [2026-06-08T02:45:40.587Z] Checked if tokens are valid: true, expires at: 1780889226631
[info] i  functions: ensuring required API eventarc.googleapis.com is enabled... 
[debug] [2026-06-08T02:45:40.588Z] Checked if tokens are valid: true, expires at: 1780889226631
[debug] [2026-06-08T02:45:40.589Z] Checked if tokens are valid: true, expires at: 1780889226631
[info] i  functions: ensuring required API pubsub.googleapis.com is enabled... 
[debug] [2026-06-08T02:45:40.591Z] Checked if tokens are valid: true, expires at: 1780889226631
[debug] [2026-06-08T02:45:40.592Z] Checked if tokens are valid: true, expires at: 1780889226631
[info] i  functions: ensuring required API storage.googleapis.com is enabled... 
[debug] [2026-06-08T02:45:40.595Z] Checked if tokens are valid: true, expires at: 1780889226631
[debug] [2026-06-08T02:45:40.595Z] Checked if tokens are valid: true, expires at: 1780889226631
[debug] [2026-06-08T02:45:40.596Z] >>> [apiv2][query] GET https://serviceusage.googleapis.com/v1/projects/542895519847/services/run.googleapis.com [none]
[debug] [2026-06-08T02:45:40.596Z] >>> [apiv2][(partial)header] GET https://serviceusage.googleapis.com/v1/projects/542895519847/services/run.googleapis.com  x-goog-user-project=542895519847
[debug] [2026-06-08T02:45:40.601Z] >>> [apiv2][query] GET https://serviceusage.googleapis.com/v1/projects/542895519847/services/eventarc.googleapis.com [none]
[debug] [2026-06-08T02:45:40.601Z] >>> [apiv2][(partial)header] GET https://serviceusage.googleapis.com/v1/projects/542895519847/services/eventarc.googleapis.com  x-goog-user-project=542895519847
[debug] [2026-06-08T02:45:40.606Z] >>> [apiv2][query] GET https://serviceusage.googleapis.com/v1/projects/542895519847/services/pubsub.googleapis.com [none]
[debug] [2026-06-08T02:45:40.606Z] >>> [apiv2][(partial)header] GET https://serviceusage.googleapis.com/v1/projects/542895519847/services/pubsub.googleapis.com  x-goog-user-project=542895519847
[debug] [2026-06-08T02:45:40.611Z] >>> [apiv2][query] GET https://serviceusage.googleapis.com/v1/projects/542895519847/services/storage.googleapis.com [none]
[debug] [2026-06-08T02:45:40.612Z] >>> [apiv2][(partial)header] GET https://serviceusage.googleapis.com/v1/projects/542895519847/services/storage.googleapis.com  x-goog-user-project=542895519847
[debug] [2026-06-08T02:45:42.551Z] <<< [apiv2][status] GET https://serviceusage.googleapis.com/v1/projects/542895519847/services/eventarc.googleapis.com 200
[debug] [2026-06-08T02:45:42.551Z] <<< [apiv2][body] GET https://serviceusage.googleapis.com/v1/projects/542895519847/services/eventarc.googleapis.com [omitted]
[warn] !  functions: missing required API eventarc.googleapis.com. Enabling now... 
[debug] [2026-06-08T02:45:42.554Z] Checked if tokens are valid: true, expires at: 1780889226631
[debug] [2026-06-08T02:45:42.554Z] Checked if tokens are valid: true, expires at: 1780889226631
[debug] [2026-06-08T02:45:42.554Z] >>> [apiv2][query] POST https://serviceusage.googleapis.com/v1/projects/542895519847/services/eventarc.googleapis.com:enable [none]
[debug] [2026-06-08T02:45:42.554Z] >>> [apiv2][(partial)header] POST https://serviceusage.googleapis.com/v1/projects/542895519847/services/eventarc.googleapis.com:enable  x-goog-user-project=542895519847
[debug] [2026-06-08T02:45:42.557Z] <<< [apiv2][status] GET https://serviceusage.googleapis.com/v1/projects/542895519847/services/pubsub.googleapis.com 200
[debug] [2026-06-08T02:45:42.557Z] <<< [apiv2][body] GET https://serviceusage.googleapis.com/v1/projects/542895519847/services/pubsub.googleapis.com [omitted]
[info] +  functions: required API pubsub.googleapis.com is enabled 
[debug] [2026-06-08T02:45:42.575Z] <<< [apiv2][status] GET https://serviceusage.googleapis.com/v1/projects/542895519847/services/run.googleapis.com 200
[debug] [2026-06-08T02:45:42.575Z] <<< [apiv2][body] GET https://serviceusage.googleapis.com/v1/projects/542895519847/services/run.googleapis.com [omitted]
[warn] !  functions: missing required API run.googleapis.com. Enabling now... 
[debug] [2026-06-08T02:45:42.577Z] Checked if tokens are valid: true, expires at: 1780889226631
[debug] [2026-06-08T02:45:42.577Z] Checked if tokens are valid: true, expires at: 1780889226631
[debug] [2026-06-08T02:45:42.577Z] >>> [apiv2][query] POST https://serviceusage.googleapis.com/v1/projects/542895519847/services/run.googleapis.com:enable [none]
[debug] [2026-06-08T02:45:42.578Z] >>> [apiv2][(partial)header] POST https://serviceusage.googleapis.com/v1/projects/542895519847/services/run.googleapis.com:enable  x-goog-user-project=542895519847
[debug] [2026-06-08T02:45:42.581Z] <<< [apiv2][status] GET https://serviceusage.googleapis.com/v1/projects/542895519847/services/storage.googleapis.com 200
[debug] [2026-06-08T02:45:42.581Z] <<< [apiv2][body] GET https://serviceusage.googleapis.com/v1/projects/542895519847/services/storage.googleapis.com [omitted]
[info] +  functions: required API storage.googleapis.com is enabled 
[debug] [2026-06-08T02:45:43.058Z] <<< [apiv2][status] POST https://serviceusage.googleapis.com/v1/projects/542895519847/services/eventarc.googleapis.com:enable 200
[debug] [2026-06-08T02:45:43.058Z] <<< [apiv2][body] POST https://serviceusage.googleapis.com/v1/projects/542895519847/services/eventarc.googleapis.com:enable [omitted]
[debug] [2026-06-08T02:45:44.677Z] <<< [apiv2][status] POST https://serviceusage.googleapis.com/v1/projects/542895519847/services/run.googleapis.com:enable 200
[debug] [2026-06-08T02:45:44.677Z] <<< [apiv2][body] POST https://serviceusage.googleapis.com/v1/projects/542895519847/services/run.googleapis.com:enable [omitted]
[info] i  functions: generating the service identity for pubsub.googleapis.com... 
[debug] [2026-06-08T02:45:54.689Z] Checked if tokens are valid: true, expires at: 1780889226631
[debug] [2026-06-08T02:45:54.689Z] Checked if tokens are valid: true, expires at: 1780889226631
[info] i  functions: generating the service identity for eventarc.googleapis.com... 
[debug] [2026-06-08T02:45:54.690Z] Checked if tokens are valid: true, expires at: 1780889226631
[debug] [2026-06-08T02:45:54.690Z] Checked if tokens are valid: true, expires at: 1780889226631
[debug] [2026-06-08T02:45:54.690Z] >>> [apiv2][query] POST https://serviceusage.googleapis.com/v1beta1/projects/542895519847/services/pubsub.googleapis.com:generateServiceIdentity [none]
[debug] [2026-06-08T02:45:54.690Z] >>> [apiv2][(partial)header] POST https://serviceusage.googleapis.com/v1beta1/projects/542895519847/services/pubsub.googleapis.com:generateServiceIdentity  x-goog-user-project=542895519847
[debug] [2026-06-08T02:45:54.690Z] >>> [apiv2][body] POST https://serviceusage.googleapis.com/v1beta1/projects/542895519847/services/pubsub.googleapis.com:generateServiceIdentity {}
[debug] [2026-06-08T02:45:54.694Z] >>> [apiv2][query] POST https://serviceusage.googleapis.com/v1beta1/projects/542895519847/services/eventarc.googleapis.com:generateServiceIdentity [none]
[debug] [2026-06-08T02:45:54.694Z] >>> [apiv2][(partial)header] POST https://serviceusage.googleapis.com/v1beta1/projects/542895519847/services/eventarc.googleapis.com:generateServiceIdentity  x-goog-user-project=542895519847
[debug] [2026-06-08T02:45:54.694Z] >>> [apiv2][body] POST https://serviceusage.googleapis.com/v1beta1/projects/542895519847/services/eventarc.googleapis.com:generateServiceIdentity {}
[debug] [2026-06-08T02:45:56.984Z] <<< [apiv2][status] POST https://serviceusage.googleapis.com/v1beta1/projects/542895519847/services/pubsub.googleapis.com:generateServiceIdentity 200
[debug] [2026-06-08T02:45:56.985Z] <<< [apiv2][body] POST https://serviceusage.googleapis.com/v1beta1/projects/542895519847/services/pubsub.googleapis.com:generateServiceIdentity {"name":"operations/finished.DONE_OPERATION","done":true,"response":{"@type":"type.googleapis.com/google.api.serviceusage.v1beta1.ServiceIdentity","email":"service-542895519847@gcp-sa-pubsub.iam.gserviceaccount.com","uniqueId":"117235162989169604278"}}
[debug] [2026-06-08T02:45:57.600Z] <<< [apiv2][status] POST https://serviceusage.googleapis.com/v1beta1/projects/542895519847/services/eventarc.googleapis.com:generateServiceIdentity 200
[debug] [2026-06-08T02:45:57.600Z] <<< [apiv2][body] POST https://serviceusage.googleapis.com/v1beta1/projects/542895519847/services/eventarc.googleapis.com:generateServiceIdentity {"name":"operations/finished.DONE_OPERATION","done":true,"response":{"@type":"type.googleapis.com/google.api.serviceusage.v1beta1.ServiceIdentity","email":"service-542895519847@gcp-sa-eventarc.iam.gserviceaccount.com","uniqueId":"115959895179015469126"}}
[debug] [2026-06-08T02:45:57.603Z] Checked if tokens are valid: true, expires at: 1780889226631
[debug] [2026-06-08T02:45:57.603Z] Checked if tokens are valid: true, expires at: 1780889226631
[debug] [2026-06-08T02:45:57.603Z] >>> [apiv2][query] GET https://compute.googleapis.com/compute/v1/projects/542895519847 [none]
[debug] [2026-06-08T02:45:58.397Z] <<< [apiv2][status] GET https://compute.googleapis.com/compute/v1/projects/542895519847 403
[debug] [2026-06-08T02:45:58.397Z] <<< [apiv2][body] GET https://compute.googleapis.com/compute/v1/projects/542895519847 {"error":{"code":403,"message":"Compute Engine API has not been used in project 542895519847 before or it is disabled. Enable it by visiting https://console.developers.google.com/apis/api/compute.googleapis.com/overview?project=542895519847 then retry. If you enabled this API recently, wait a few minutes for the action to propagate to our systems and retry.","errors":[{"message":"Compute Engine API has not been used in project 542895519847 before or it is disabled. Enable it by visiting https://console.developers.google.com/apis/api/compute.googleapis.com/overview?project=542895519847 then retry. If you enabled this API recently, wait a few minutes for the action to propagate to our systems and retry.","domain":"usageLimits","reason":"accessNotConfigured","extendedHelp":"https://console.developers.google.com"}],"status":"PERMISSION_DENIED","details":[{"@type":"type.googleapis.com/google.rpc.ErrorInfo","reason":"SERVICE_DISABLED","domain":"googleapis.com","metadata":{"activationUrl":"https://console.developers.google.com/apis/api/compute.googleapis.com/overview?project=542895519847","serviceTitle":"Compute Engine API","service":"compute.googleapis.com","consumer":"projects/542895519847","containerInfo":"542895519847"}},{"@type":"type.googleapis.com/google.rpc.LocalizedMessage","locale":"en-US","message":"Compute Engine API has not been used in project 542895519847 before or it is disabled. Enable it by visiting https://console.developers.google.com/apis/api/compute.googleapis.com/overview?project=542895519847 then retry. If you enabled this API recently, wait a few minutes for the action to propagate to our systems and retry."},{"@type":"type.googleapis.com/google.rpc.Help","links":[{"description":"Google developers console API activation","url":"https://console.developers.google.com/apis/api/compute.googleapis.com/overview?project=542895519847"}]}]}}
[debug] [2026-06-08T02:45:58.398Z] unable to look up default compute service account. Falling back to 542895519847-compute@developer.gserviceaccount.com. Error: {"name":"FirebaseError","children":[],"context":{"body":{"error":{"code":403,"message":"Compute Engine API has not been used in project 542895519847 before or it is disabled. Enable it by visiting https://console.developers.google.com/apis/api/compute.googleapis.com/overview?project=542895519847 then retry. If you enabled this API recently, wait a few minutes for the action to propagate to our systems and retry.","errors":[{"message":"Compute Engine API has not been used in project 542895519847 before or it is disabled. Enable it by visiting https://console.developers.google.com/apis/api/compute.googleapis.com/overview?project=542895519847 then retry. If you enabled this API recently, wait a few minutes for the action to propagate to our systems and retry.","domain":"usageLimits","reason":"accessNotConfigured","extendedHelp":"https://console.developers.google.com"}],"status":"PERMISSION_DENIED","details":[{"@type":"type.googleapis.com/google.rpc.ErrorInfo","reason":"SERVICE_DISABLED","domain":"googleapis.com","metadata":{"activationUrl":"https://console.developers.google.com/apis/api/compute.googleapis.com/overview?project=542895519847","serviceTitle":"Compute Engine API","service":"compute.googleapis.com","consumer":"projects/542895519847","containerInfo":"542895519847"}},{"@type":"type.googleapis.com/google.rpc.LocalizedMessage","locale":"en-US","message":"Compute Engine API has not been used in project 542895519847 before or it is disabled. Enable it by visiting https://console.developers.google.com/apis/api/compute.googleapis.com/overview?project=542895519847 then retry. If you enabled this API recently, wait a few minutes for the action to propagate to our systems and retry."},{"@type":"type.googleapis.com/google.rpc.Help","links":[{"description":"Google developers console API activation","url":"https://console.developers.google.com/apis/api/compute.googleapis.com/overview?project=542895519847"}]}]}},"response":{"statusCode":403}},"exit":1,"message":"Request to https://compute.googleapis.com/compute/v1/projects/542895519847 had HTTP Error: 403, Compute Engine API has not been used in project 542895519847 before or it is disabled. Enable it by visiting https://console.developers.google.com/apis/api/compute.googleapis.com/overview?project=542895519847 then retry. If you enabled this API recently, wait a few minutes for the action to propagate to our systems and retry.","status":403}
[debug] [2026-06-08T02:45:58.399Z] Checked if tokens are valid: true, expires at: 1780889226631
[debug] [2026-06-08T02:45:58.399Z] Checked if tokens are valid: true, expires at: 1780889226631
[debug] [2026-06-08T02:45:58.399Z] >>> [apiv2][query] POST https://cloudresourcemanager.googleapis.com/v1/projects/542895519847:getIamPolicy [none]
[debug] [2026-06-08T02:46:00.160Z] <<< [apiv2][status] POST https://cloudresourcemanager.googleapis.com/v1/projects/542895519847:getIamPolicy 200
[debug] [2026-06-08T02:46:00.160Z] <<< [apiv2][body] POST https://cloudresourcemanager.googleapis.com/v1/projects/542895519847:getIamPolicy {"version":1,"etag":"BwZTtQH/cHI=","bindings":[{"role":"roles/cloudbuild.builds.builder","members":["serviceAccount:542895519847@cloudbuild.gserviceaccount.com"]},{"role":"roles/cloudbuild.serviceAgent","members":["serviceAccount:service-542895519847@gcp-sa-cloudbuild.iam.gserviceaccount.com"]},{"role":"roles/cloudfunctions.serviceAgent","members":["serviceAccount:service-542895519847@gcf-admin-robot.iam.gserviceaccount.com"]},{"role":"roles/containerregistry.ServiceAgent","members":["serviceAccount:service-542895519847@containerregistry.iam.gserviceaccount.com"]},{"role":"roles/editor","members":["serviceAccount:542895519847-compute@developer.gserviceaccount.com","serviceAccount:542895519847@cloudservices.gserviceaccount.com","serviceAccount:campusbite-7d7c6@appspot.gserviceaccount.com"]},{"role":"roles/firebase.managementServiceAgent","members":["serviceAccount:service-542895519847@gcp-sa-firebase.iam.gserviceaccount.com"]},{"role":"roles/firebase.sdkAdminServiceAgent","members":["serviceAccount:firebase-adminsdk-fbsvc@campusbite-7d7c6.iam.gserviceaccount.com"]},{"role":"roles/firebaseauth.admin","members":["serviceAccount:firebase-adminsdk-fbsvc@campusbite-7d7c6.iam.gserviceaccount.com"]},{"role":"roles/firebasemods.serviceAgent","members":["serviceAccount:service-542895519847@gcp-sa-firebasemods.iam.gserviceaccount.com"]},{"role":"roles/firebaserules.system","members":["serviceAccount:service-542895519847@firebase-rules.iam.gserviceaccount.com"]},{"role":"roles/firestore.serviceAgent","members":["serviceAccount:service-542895519847@gcp-sa-firestore.iam.gserviceaccount.com"]},{"role":"roles/iam.serviceAccountTokenCreator","members":["serviceAccount:firebase-adminsdk-fbsvc@campusbite-7d7c6.iam.gserviceaccount.com"]},{"role":"roles/owner","members":["user:akhtarsamir00@gmail.com"]},{"role":"roles/run.serviceAgent","members":["serviceAccount:service-542895519847@serverless-robot-prod.iam.gserviceaccount.com"]}]}
[debug] [2026-06-08T02:46:00.161Z] Checked if tokens are valid: true, expires at: 1780889226631
[debug] [2026-06-08T02:46:00.161Z] Checked if tokens are valid: true, expires at: 1780889226631
[debug] [2026-06-08T02:46:00.161Z] >>> [apiv2][query] POST https://cloudresourcemanager.googleapis.com/v1/projects/542895519847:setIamPolicy [none]
[debug] [2026-06-08T02:46:00.161Z] >>> [apiv2][body] POST https://cloudresourcemanager.googleapis.com/v1/projects/542895519847:setIamPolicy {"policy":{"version":1,"etag":"BwZTtQH/cHI=","bindings":[{"role":"roles/cloudbuild.builds.builder","members":["serviceAccount:542895519847@cloudbuild.gserviceaccount.com"]},{"role":"roles/cloudbuild.serviceAgent","members":["serviceAccount:service-542895519847@gcp-sa-cloudbuild.iam.gserviceaccount.com"]},{"role":"roles/cloudfunctions.serviceAgent","members":["serviceAccount:service-542895519847@gcf-admin-robot.iam.gserviceaccount.com"]},{"role":"roles/containerregistry.ServiceAgent","members":["serviceAccount:service-542895519847@containerregistry.iam.gserviceaccount.com"]},{"role":"roles/editor","members":["serviceAccount:542895519847-compute@developer.gserviceaccount.com","serviceAccount:542895519847@cloudservices.gserviceaccount.com","serviceAccount:campusbite-7d7c6@appspot.gserviceaccount.com"]},{"role":"roles/firebase.managementServiceAgent","members":["serviceAccount:service-542895519847@gcp-sa-firebase.iam.gserviceaccount.com"]},{"role":"roles/firebase.sdkAdminServiceAgent","members":["serviceAccount:firebase-adminsdk-fbsvc@campusbite-7d7c6.iam.gserviceaccount.com"]},{"role":"roles/firebaseauth.admin","members":["serviceAccount:firebase-adminsdk-fbsvc@campusbite-7d7c6.iam.gserviceaccount.com"]},{"role":"roles/firebasemods.serviceAgent","members":["serviceAccount:service-542895519847@gcp-sa-firebasemods.iam.gserviceaccount.com"]},{"role":"roles/firebaserules.system","members":["serviceAccount:service-542895519847@firebase-rules.iam.gserviceaccount.com"]},{"role":"roles/firestore.serviceAgent","members":["serviceAccount:service-542895519847@gcp-sa-firestore.iam.gserviceaccount.com"]},{"role":"roles/iam.serviceAccountTokenCreator","members":["serviceAccount:firebase-adminsdk-fbsvc@campusbite-7d7c6.iam.gserviceaccount.com","serviceAccount:service-542895519847@gcp-sa-pubsub.iam.gserviceaccount.com"]},{"role":"roles/owner","members":["user:akhtarsamir00@gmail.com"]},{"role":"roles/run.serviceAgent","members":["serviceAccount:service-542895519847@serverless-robot-prod.iam.gserviceaccount.com"]},{"role":"roles/run.invoker","members":["serviceAccount:542895519847-compute@developer.gserviceaccount.com"]},{"role":"roles/eventarc.eventReceiver","members":["serviceAccount:542895519847-compute@developer.gserviceaccount.com"]}]},"updateMask":"bindings"}
[debug] [2026-06-08T02:46:01.271Z] <<< [apiv2][status] POST https://cloudresourcemanager.googleapis.com/v1/projects/542895519847:setIamPolicy 200
[debug] [2026-06-08T02:46:01.271Z] <<< [apiv2][body] POST https://cloudresourcemanager.googleapis.com/v1/projects/542895519847:setIamPolicy {"version":1,"etag":"BwZTtQLLXTo=","bindings":[{"role":"roles/cloudbuild.builds.builder","members":["serviceAccount:542895519847@cloudbuild.gserviceaccount.com"]},{"role":"roles/cloudbuild.serviceAgent","members":["serviceAccount:service-542895519847@gcp-sa-cloudbuild.iam.gserviceaccount.com"]},{"role":"roles/cloudfunctions.serviceAgent","members":["serviceAccount:service-542895519847@gcf-admin-robot.iam.gserviceaccount.com"]},{"role":"roles/containerregistry.ServiceAgent","members":["serviceAccount:service-542895519847@containerregistry.iam.gserviceaccount.com"]},{"role":"roles/editor","members":["serviceAccount:542895519847-compute@developer.gserviceaccount.com","serviceAccount:542895519847@cloudservices.gserviceaccount.com","serviceAccount:campusbite-7d7c6@appspot.gserviceaccount.com"]},{"role":"roles/eventarc.eventReceiver","members":["serviceAccount:542895519847-compute@developer.gserviceaccount.com"]},{"role":"roles/firebase.managementServiceAgent","members":["serviceAccount:service-542895519847@gcp-sa-firebase.iam.gserviceaccount.com"]},{"role":"roles/firebase.sdkAdminServiceAgent","members":["serviceAccount:firebase-adminsdk-fbsvc@campusbite-7d7c6.iam.gserviceaccount.com"]},{"role":"roles/firebaseauth.admin","members":["serviceAccount:firebase-adminsdk-fbsvc@campusbite-7d7c6.iam.gserviceaccount.com"]},{"role":"roles/firebasemods.serviceAgent","members":["serviceAccount:service-542895519847@gcp-sa-firebasemods.iam.gserviceaccount.com"]},{"role":"roles/firebaserules.system","members":["serviceAccount:service-542895519847@firebase-rules.iam.gserviceaccount.com"]},{"role":"roles/firestore.serviceAgent","members":["serviceAccount:service-542895519847@gcp-sa-firestore.iam.gserviceaccount.com"]},{"role":"roles/iam.serviceAccountTokenCreator","members":["serviceAccount:firebase-adminsdk-fbsvc@campusbite-7d7c6.iam.gserviceaccount.com","serviceAccount:service-542895519847@gcp-sa-pubsub.iam.gserviceaccount.com"]},{"role":"roles/owner","members":["user:akhtarsamir00@gmail.com"]},{"role":"roles/run.invoker","members":["serviceAccount:542895519847-compute@developer.gserviceaccount.com"]},{"role":"roles/run.serviceAgent","members":["serviceAccount:service-542895519847@serverless-robot-prod.iam.gserviceaccount.com"]}]}
[debug] [2026-06-08T02:46:01.276Z] Checked if tokens are valid: true, expires at: 1780889226631
[debug] [2026-06-08T02:46:01.276Z] Checked if tokens are valid: true, expires at: 1780889226631
[debug] [2026-06-08T02:46:01.276Z] >>> [apiv2][query] GET https://cloudresourcemanager.googleapis.com/v1/projects/campusbite-7d7c6 [none]
[debug] [2026-06-08T02:46:01.672Z] <<< [apiv2][status] GET https://cloudresourcemanager.googleapis.com/v1/projects/campusbite-7d7c6 200
[debug] [2026-06-08T02:46:01.672Z] <<< [apiv2][body] GET https://cloudresourcemanager.googleapis.com/v1/projects/campusbite-7d7c6 {"projectNumber":"542895519847","projectId":"campusbite-7d7c6","lifecycleState":"ACTIVE","name":"CampusBite","labels":{"firebase":"enabled","firebase-core":"disabled"},"createTime":"2026-04-24T08:21:07.845Z"}
[debug] [2026-06-08T02:46:01.673Z] Checked if tokens are valid: true, expires at: 1780889226631
[debug] [2026-06-08T02:46:01.673Z] Checked if tokens are valid: true, expires at: 1780889226631
[debug] [2026-06-08T02:46:01.673Z] >>> [apiv2][query] GET https://compute.googleapis.com/compute/v1/projects/542895519847 [none]
[debug] [2026-06-08T02:46:02.083Z] <<< [apiv2][status] GET https://compute.googleapis.com/compute/v1/projects/542895519847 403
[debug] [2026-06-08T02:46:02.083Z] <<< [apiv2][body] GET https://compute.googleapis.com/compute/v1/projects/542895519847 {"error":{"code":403,"message":"Compute Engine API has not been used in project 542895519847 before or it is disabled. Enable it by visiting https://console.developers.google.com/apis/api/compute.googleapis.com/overview?project=542895519847 then retry. If you enabled this API recently, wait a few minutes for the action to propagate to our systems and retry.","errors":[{"message":"Compute Engine API has not been used in project 542895519847 before or it is disabled. Enable it by visiting https://console.developers.google.com/apis/api/compute.googleapis.com/overview?project=542895519847 then retry. If you enabled this API recently, wait a few minutes for the action to propagate to our systems and retry.","domain":"usageLimits","reason":"accessNotConfigured","extendedHelp":"https://console.developers.google.com"}],"status":"PERMISSION_DENIED","details":[{"@type":"type.googleapis.com/google.rpc.ErrorInfo","reason":"SERVICE_DISABLED","domain":"googleapis.com","metadata":{"service":"compute.googleapis.com","serviceTitle":"Compute Engine API","activationUrl":"https://console.developers.google.com/apis/api/compute.googleapis.com/overview?project=542895519847","consumer":"projects/542895519847","containerInfo":"542895519847"}},{"@type":"type.googleapis.com/google.rpc.LocalizedMessage","locale":"en-US","message":"Compute Engine API has not been used in project 542895519847 before or it is disabled. Enable it by visiting https://console.developers.google.com/apis/api/compute.googleapis.com/overview?project=542895519847 then retry. If you enabled this API recently, wait a few minutes for the action to propagate to our systems and retry."},{"@type":"type.googleapis.com/google.rpc.Help","links":[{"description":"Google developers console API activation","url":"https://console.developers.google.com/apis/api/compute.googleapis.com/overview?project=542895519847"}]}]}}
[debug] [2026-06-08T02:46:02.083Z] unable to look up default compute service account. Falling back to 542895519847-compute@developer.gserviceaccount.com. Error: {"name":"FirebaseError","children":[],"context":{"body":{"error":{"code":403,"message":"Compute Engine API has not been used in project 542895519847 before or it is disabled. Enable it by visiting https://console.developers.google.com/apis/api/compute.googleapis.com/overview?project=542895519847 then retry. If you enabled this API recently, wait a few minutes for the action to propagate to our systems and retry.","errors":[{"message":"Compute Engine API has not been used in project 542895519847 before or it is disabled. Enable it by visiting https://console.developers.google.com/apis/api/compute.googleapis.com/overview?project=542895519847 then retry. If you enabled this API recently, wait a few minutes for the action to propagate to our systems and retry.","domain":"usageLimits","reason":"accessNotConfigured","extendedHelp":"https://console.developers.google.com"}],"status":"PERMISSION_DENIED","details":[{"@type":"type.googleapis.com/google.rpc.ErrorInfo","reason":"SERVICE_DISABLED","domain":"googleapis.com","metadata":{"service":"compute.googleapis.com","serviceTitle":"Compute Engine API","activationUrl":"https://console.developers.google.com/apis/api/compute.googleapis.com/overview?project=542895519847","consumer":"projects/542895519847","containerInfo":"542895519847"}},{"@type":"type.googleapis.com/google.rpc.LocalizedMessage","locale":"en-US","message":"Compute Engine API has not been used in project 542895519847 before or it is disabled. Enable it by visiting https://console.developers.google.com/apis/api/compute.googleapis.com/overview?project=542895519847 then retry. If you enabled this API recently, wait a few minutes for the action to propagate to our systems and retry."},{"@type":"type.googleapis.com/google.rpc.Help","links":[{"description":"Google developers console API activation","url":"https://console.developers.google.com/apis/api/compute.googleapis.com/overview?project=542895519847"}]}]}},"response":{"statusCode":403}},"exit":1,"message":"Request to https://compute.googleapis.com/compute/v1/projects/542895519847 had HTTP Error: 403, Compute Engine API has not been used in project 542895519847 before or it is disabled. Enable it by visiting https://console.developers.google.com/apis/api/compute.googleapis.com/overview?project=542895519847 then retry. If you enabled this API recently, wait a few minutes for the action to propagate to our systems and retry.","status":403}
[debug] [2026-06-08T02:46:02.084Z] Checked if tokens are valid: true, expires at: 1780889226631
[debug] [2026-06-08T02:46:02.084Z] Checked if tokens are valid: true, expires at: 1780889226631
[debug] [2026-06-08T02:46:02.084Z] >>> [apiv2][query] GET https://compute.googleapis.com/compute/v1/projects/542895519847 [none]
[debug] [2026-06-08T02:46:02.460Z] <<< [apiv2][status] GET https://compute.googleapis.com/compute/v1/projects/542895519847 403
[debug] [2026-06-08T02:46:02.460Z] <<< [apiv2][body] GET https://compute.googleapis.com/compute/v1/projects/542895519847 {"error":{"code":403,"message":"Compute Engine API has not been used in project 542895519847 before or it is disabled. Enable it by visiting https://console.developers.google.com/apis/api/compute.googleapis.com/overview?project=542895519847 then retry. If you enabled this API recently, wait a few minutes for the action to propagate to our systems and retry.","errors":[{"message":"Compute Engine API has not been used in project 542895519847 before or it is disabled. Enable it by visiting https://console.developers.google.com/apis/api/compute.googleapis.com/overview?project=542895519847 then retry. If you enabled this API recently, wait a few minutes for the action to propagate to our systems and retry.","domain":"usageLimits","reason":"accessNotConfigured","extendedHelp":"https://console.developers.google.com"}],"status":"PERMISSION_DENIED","details":[{"@type":"type.googleapis.com/google.rpc.ErrorInfo","reason":"SERVICE_DISABLED","domain":"googleapis.com","metadata":{"containerInfo":"542895519847","consumer":"projects/542895519847","serviceTitle":"Compute Engine API","activationUrl":"https://console.developers.google.com/apis/api/compute.googleapis.com/overview?project=542895519847","service":"compute.googleapis.com"}},{"@type":"type.googleapis.com/google.rpc.LocalizedMessage","locale":"en-US","message":"Compute Engine API has not been used in project 542895519847 before or it is disabled. Enable it by visiting https://console.developers.google.com/apis/api/compute.googleapis.com/overview?project=542895519847 then retry. If you enabled this API recently, wait a few minutes for the action to propagate to our systems and retry."},{"@type":"type.googleapis.com/google.rpc.Help","links":[{"description":"Google developers console API activation","url":"https://console.developers.google.com/apis/api/compute.googleapis.com/overview?project=542895519847"}]}]}}
[debug] [2026-06-08T02:46:02.461Z] unable to look up default compute service account. Falling back to 542895519847-compute@developer.gserviceaccount.com. Error: {"name":"FirebaseError","children":[],"context":{"body":{"error":{"code":403,"message":"Compute Engine API has not been used in project 542895519847 before or it is disabled. Enable it by visiting https://console.developers.google.com/apis/api/compute.googleapis.com/overview?project=542895519847 then retry. If you enabled this API recently, wait a few minutes for the action to propagate to our systems and retry.","errors":[{"message":"Compute Engine API has not been used in project 542895519847 before or it is disabled. Enable it by visiting https://console.developers.google.com/apis/api/compute.googleapis.com/overview?project=542895519847 then retry. If you enabled this API recently, wait a few minutes for the action to propagate to our systems and retry.","domain":"usageLimits","reason":"accessNotConfigured","extendedHelp":"https://console.developers.google.com"}],"status":"PERMISSION_DENIED","details":[{"@type":"type.googleapis.com/google.rpc.ErrorInfo","reason":"SERVICE_DISABLED","domain":"googleapis.com","metadata":{"containerInfo":"542895519847","consumer":"projects/542895519847","serviceTitle":"Compute Engine API","activationUrl":"https://console.developers.google.com/apis/api/compute.googleapis.com/overview?project=542895519847","service":"compute.googleapis.com"}},{"@type":"type.googleapis.com/google.rpc.LocalizedMessage","locale":"en-US","message":"Compute Engine API has not been used in project 542895519847 before or it is disabled. Enable it by visiting https://console.developers.google.com/apis/api/compute.googleapis.com/overview?project=542895519847 then retry. If you enabled this API recently, wait a few minutes for the action to propagate to our systems and retry."},{"@type":"type.googleapis.com/google.rpc.Help","links":[{"description":"Google developers console API activation","url":"https://console.developers.google.com/apis/api/compute.googleapis.com/overview?project=542895519847"}]}]}},"response":{"statusCode":403}},"exit":1,"message":"Request to https://compute.googleapis.com/compute/v1/projects/542895519847 had HTTP Error: 403, Compute Engine API has not been used in project 542895519847 before or it is disabled. Enable it by visiting https://console.developers.google.com/apis/api/compute.googleapis.com/overview?project=542895519847 then retry. If you enabled this API recently, wait a few minutes for the action to propagate to our systems and retry.","status":403}
[debug] [2026-06-08T02:46:02.462Z] Checked if tokens are valid: true, expires at: 1780889226631
[debug] [2026-06-08T02:46:02.463Z] Checked if tokens are valid: true, expires at: 1780889226631
[debug] [2026-06-08T02:46:02.463Z] >>> [apiv2][query] GET https://cloudbilling.googleapis.com/v1/projects/campusbite-7d7c6/billingInfo [none]
[debug] [2026-06-08T02:46:04.155Z] <<< [apiv2][status] GET https://cloudbilling.googleapis.com/v1/projects/campusbite-7d7c6/billingInfo 200
[debug] [2026-06-08T02:46:04.155Z] <<< [apiv2][body] GET https://cloudbilling.googleapis.com/v1/projects/campusbite-7d7c6/billingInfo {"name":"projects/campusbite-7d7c6/billingInfo","projectId":"campusbite-7d7c6","billingAccountName":"billingAccounts/01F389-B9FF74-AEDB6D","billingEnabled":true}
[debug] [2026-06-08T02:46:04.157Z] Checked if tokens are valid: true, expires at: 1780889226631
[debug] [2026-06-08T02:46:04.158Z] Checked if tokens are valid: true, expires at: 1780889226631
[debug] [2026-06-08T02:46:04.158Z] >>> [apiv2][query] POST https://cloudfunctions.googleapis.com/v2/projects/campusbite-7d7c6/locations/us-central1/functions:generateUploadUrl [none]
[debug] [2026-06-08T02:46:06.902Z] <<< [apiv2][status] POST https://cloudfunctions.googleapis.com/v2/projects/campusbite-7d7c6/locations/us-central1/functions:generateUploadUrl 200
[debug] [2026-06-08T02:46:06.902Z] <<< [apiv2][body] POST https://cloudfunctions.googleapis.com/v2/projects/campusbite-7d7c6/locations/us-central1/functions:generateUploadUrl {"uploadUrl":"https://storage.googleapis.com/gcf-v2-uploads-542895519847.us-central1.cloudfunctions.appspot.com/8e461ed8-ab83-4df7-9e27-7be6eb3c2e78.zip?GoogleAccessId=service-542895519847@gcf-admin-robot.iam.gserviceaccount.com&Expires=1780888567&Signature=Ew37KDJ%2BFSWTvPJvQINf60huvwce1caVn5SU3HND60r59Q6zgZTT2eKtaTg%2BLxRKd%2BA9qQ%2Fax6uS4NUUqPW2TRzZ3fr6f5Cy8ilnMIhMRgy6BCDRZPdYog%2B%2F7DUx6Q48RVpIURFR3Q1UmTwuTzLDxATy6ktxhd%2BM8B%2B0APjQ1mk1SjliqSDTR%2Fkh7%2FUc6jZ3D8%2BnQwoV3gPPIuyaq1UEXSwvFhnIASnamiiI%2F85Do3WjGlJ1apilMccU%2F2zAsuaj1FQWduNhN5EFidk3oyE2K4dk57UgBC2bY%2BUbIyzNrlRDI3yV0GNoJqPBf9dR0uxeS%2FtS5xqbO0C0rlyLkbuB2w%3D%3D","storageSource":{"bucket":"gcf-v2-uploads-542895519847.us-central1.cloudfunctions.appspot.com","object":"8e461ed8-ab83-4df7-9e27-7be6eb3c2e78.zip"}}
[debug] [2026-06-08T02:46:06.919Z] >>> [apiv2][query] PUT https://storage.googleapis.com/gcf-v2-uploads-542895519847.us-central1.cloudfunctions.appspot.com/8e461ed8-ab83-4df7-9e27-7be6eb3c2e78.zip GoogleAccessId=service-542895519847%40gcf-admin-robot.iam.gserviceaccount.com&Expires=1780888567&Signature=Ew37KDJ%2BFSWTvPJvQINf60huvwce1caVn5SU3HND60r59Q6zgZTT2eKtaTg%2BLxRKd%2BA9qQ%2Fax6uS4NUUqPW2TRzZ3fr6f5Cy8ilnMIhMRgy6BCDRZPdYog%2B%2F7DUx6Q48RVpIURFR3Q1UmTwuTzLDxATy6ktxhd%2BM8B%2B0APjQ1mk1SjliqSDTR%2Fkh7%2FUc6jZ3D8%2BnQwoV3gPPIuyaq1UEXSwvFhnIASnamiiI%2F85Do3WjGlJ1apilMccU%2F2zAsuaj1FQWduNhN5EFidk3oyE2K4dk57UgBC2bY%2BUbIyzNrlRDI3yV0GNoJqPBf9dR0uxeS%2FtS5xqbO0C0rlyLkbuB2w%3D%3D
[debug] [2026-06-08T02:46:06.920Z] >>> [apiv2][body] PUT https://storage.googleapis.com/gcf-v2-uploads-542895519847.us-central1.cloudfunctions.appspot.com/8e461ed8-ab83-4df7-9e27-7be6eb3c2e78.zip [stream]
[debug] [2026-06-08T02:46:09.580Z] <<< [apiv2][status] PUT https://storage.googleapis.com/gcf-v2-uploads-542895519847.us-central1.cloudfunctions.appspot.com/8e461ed8-ab83-4df7-9e27-7be6eb3c2e78.zip 200
[debug] [2026-06-08T02:46:09.580Z] <<< [apiv2][body] PUT https://storage.googleapis.com/gcf-v2-uploads-542895519847.us-central1.cloudfunctions.appspot.com/8e461ed8-ab83-4df7-9e27-7be6eb3c2e78.zip [omitted]
[info] +  functions: functions source uploaded successfully 
[info] i  functions: creating Node.js 24 (2nd Gen) function updateOrderStatus(us-central1)... 
[info] i  functions: creating Node.js 24 (2nd Gen) function sendOrderReadyNotification(us-central1)... 
[debug] [2026-06-08T02:46:09.592Z] Checked if tokens are valid: true, expires at: 1780889226631
[debug] [2026-06-08T02:46:09.592Z] Checked if tokens are valid: true, expires at: 1780889226631
[debug] [2026-06-08T02:46:09.592Z] >>> [apiv2][query] POST https://cloudfunctions.googleapis.com/v2/projects/campusbite-7d7c6/locations/us-central1/functions functionId=updateOrderStatus
[debug] [2026-06-08T02:46:09.593Z] >>> [apiv2][body] POST https://cloudfunctions.googleapis.com/v2/projects/campusbite-7d7c6/locations/us-central1/functions {"name":"projects/campusbite-7d7c6/locations/us-central1/functions/updateOrderStatus","buildConfig":{"runtime":"nodejs24","entryPoint":"updateOrderStatus","source":{"storageSource":{"bucket":"gcf-v2-uploads-542895519847.us-central1.cloudfunctions.appspot.com","object":"8e461ed8-ab83-4df7-9e27-7be6eb3c2e78.zip"}},"environmentVariables":{"GOOGLE_NODE_RUN_SCRIPTS":""}},"serviceConfig":{"environmentVariables":{"FIREBASE_CONFIG":"{\"projectId\":\"campusbite-7d7c6\",\"storageBucket\":\"campusbite-7d7c6.firebasestorage.app\"}","GCLOUD_PROJECT":"campusbite-7d7c6","EVENTARC_CLOUD_EVENT_SOURCE":"projects/campusbite-7d7c6/locations/us-central1/services/updateOrderStatus","FUNCTION_TARGET":"updateOrderStatus","LOG_EXECUTION_ID":"true"},"ingressSettings":null,"timeoutSeconds":null,"serviceAccountEmail":null,"availableMemory":"256Mi","minInstanceCount":null,"maxInstanceCount":null,"maxInstanceRequestConcurrency":80,"availableCpu":"1","vpcConnector":null,"vpcConnectorEgressSettings":null,"directVpcNetworkInterface":null,"directVpcEgress":null},"labels":{"deployment-tool":"cli-firebase","deployment-callable":"true","firebase-functions-hash":"96ad5a3c4a728af6f8748404f106ce0e7782af79"}}
[debug] [2026-06-08T02:46:13.574Z] <<< [apiv2][status] POST https://cloudfunctions.googleapis.com/v2/projects/campusbite-7d7c6/locations/us-central1/functions 200
[debug] [2026-06-08T02:46:13.574Z] <<< [apiv2][body] POST https://cloudfunctions.googleapis.com/v2/projects/campusbite-7d7c6/locations/us-central1/functions {"name":"projects/campusbite-7d7c6/locations/us-central1/operations/operation-1780886771165-653b503616818-3f72f722-803b0b11","metadata":{"@type":"type.googleapis.com/google.cloud.functions.v2.OperationMetadata","createTime":"2026-06-08T02:46:13.658406052Z","target":"projects/campusbite-7d7c6/locations/us-central1/functions/updateOrderStatus","verb":"create","cancelRequested":false,"apiVersion":"v2"},"done":false}
[debug] [2026-06-08T02:46:13.575Z] Checked if tokens are valid: true, expires at: 1780889226631
[debug] [2026-06-08T02:46:13.575Z] Checked if tokens are valid: true, expires at: 1780889226631
[debug] [2026-06-08T02:46:13.576Z] >>> [apiv2][query] GET https://cloudfunctions.googleapis.com/v2/projects/campusbite-7d7c6/locations/us-central1/operations/operation-1780886771165-653b503616818-3f72f722-803b0b11 [none]
[debug] [2026-06-08T02:46:15.215Z] <<< [apiv2][status] GET https://cloudfunctions.googleapis.com/v2/projects/campusbite-7d7c6/locations/us-central1/operations/operation-1780886771165-653b503616818-3f72f722-803b0b11 200
[debug] [2026-06-08T02:46:15.215Z] <<< [apiv2][body] GET https://cloudfunctions.googleapis.com/v2/projects/campusbite-7d7c6/locations/us-central1/operations/operation-1780886771165-653b503616818-3f72f722-803b0b11 {"name":"projects/campusbite-7d7c6/locations/us-central1/operations/operation-1780886771165-653b503616818-3f72f722-803b0b11","metadata":{"@type":"type.googleapis.com/google.cloud.functions.v2.OperationMetadata","createTime":"2026-06-08T02:46:13.658406052Z","target":"projects/campusbite-7d7c6/locations/us-central1/functions/updateOrderStatus","verb":"create","cancelRequested":false,"apiVersion":"v2","requestResource":{"@type":"type.googleapis.com/google.cloud.functions.v2.Function","name":"projects/campusbite-7d7c6/locations/us-central1/functions/updateOrderStatus","buildConfig":{"runtime":"nodejs24","entryPoint":"updateOrderStatus","source":{"storageSource":{"bucket":"gcf-v2-sources-542895519847-us-central1","object":"updateOrderStatus/function-source.zip","generation":"1780886772224960"}},"environmentVariables":{"GOOGLE_NODE_RUN_SCRIPTS":""},"serviceAccount":"projects/campusbite-7d7c6/serviceAccounts/542895519847-compute@developer.gserviceaccount.com","automaticUpdatePolicy":{}},"serviceConfig":{"service":"projects/campusbite-7d7c6/locations/us-central1/services/updateorderstatus","timeoutSeconds":60,"environmentVariables":{"FIREBASE_CONFIG":"{\"projectId\":\"campusbite-7d7c6\",\"storageBucket\":\"campusbite-7d7c6.firebasestorage.app\"}","GCLOUD_PROJECT":"campusbite-7d7c6","EVENTARC_CLOUD_EVENT_SOURCE":"projects/campusbite-7d7c6/locations/us-central1/services/updateOrderStatus","FUNCTION_TARGET":"updateOrderStatus","LOG_EXECUTION_ID":"true"},"ingressSettings":"ALLOW_ALL","serviceAccountEmail":"542895519847-compute@developer.gserviceaccount.com","availableMemory":"256Mi","maxInstanceRequestConcurrency":80,"availableCpu":"1"},"labels":{"deployment-tool":"cli-firebase","deployment-callable":"true","firebase-functions-hash":"96ad5a3c4a728af6f8748404f106ce0e7782af79"},"environment":"GEN_2"},"stages":[{"name":"BUILD","state":"NOT_STARTED"},{"name":"SERVICE","state":"NOT_STARTED"}],"operationType":"CREATE_FUNCTION"},"done":false}
[debug] [2026-06-08T02:46:15.720Z] [create-default-us-central1-updateOrderStatus] Retrying task index 0
[debug] [2026-06-08T02:46:15.721Z] Checked if tokens are valid: true, expires at: 1780889226631
[debug] [2026-06-08T02:46:15.721Z] Checked if tokens are valid: true, expires at: 1780889226631
[debug] [2026-06-08T02:46:15.721Z] >>> [apiv2][query] GET https://cloudfunctions.googleapis.com/v2/projects/campusbite-7d7c6/locations/us-central1/operations/operation-1780886771165-653b503616818-3f72f722-803b0b11 [none]
[debug] [2026-06-08T02:46:17.158Z] <<< [apiv2][status] GET https://cloudfunctions.googleapis.com/v2/projects/campusbite-7d7c6/locations/us-central1/operations/operation-1780886771165-653b503616818-3f72f722-803b0b11 200
[debug] [2026-06-08T02:46:17.159Z] <<< [apiv2][body] GET https://cloudfunctions.googleapis.com/v2/projects/campusbite-7d7c6/locations/us-central1/operations/operation-1780886771165-653b503616818-3f72f722-803b0b11 {"name":"projects/campusbite-7d7c6/locations/us-central1/operations/operation-1780886771165-653b503616818-3f72f722-803b0b11","metadata":{"@type":"type.googleapis.com/google.cloud.functions.v2.OperationMetadata","createTime":"2026-06-08T02:46:13.658406052Z","target":"projects/campusbite-7d7c6/locations/us-central1/functions/updateOrderStatus","verb":"create","cancelRequested":false,"apiVersion":"v2","requestResource":{"@type":"type.googleapis.com/google.cloud.functions.v2.Function","name":"projects/campusbite-7d7c6/locations/us-central1/functions/updateOrderStatus","buildConfig":{"runtime":"nodejs24","entryPoint":"updateOrderStatus","source":{"storageSource":{"bucket":"gcf-v2-sources-542895519847-us-central1","object":"updateOrderStatus/function-source.zip","generation":"1780886772224960"}},"environmentVariables":{"GOOGLE_NODE_RUN_SCRIPTS":""},"serviceAccount":"projects/campusbite-7d7c6/serviceAccounts/542895519847-compute@developer.gserviceaccount.com","automaticUpdatePolicy":{}},"serviceConfig":{"service":"projects/campusbite-7d7c6/locations/us-central1/services/updateorderstatus","timeoutSeconds":60,"environmentVariables":{"FIREBASE_CONFIG":"{\"projectId\":\"campusbite-7d7c6\",\"storageBucket\":\"campusbite-7d7c6.firebasestorage.app\"}","GCLOUD_PROJECT":"campusbite-7d7c6","EVENTARC_CLOUD_EVENT_SOURCE":"projects/campusbite-7d7c6/locations/us-central1/services/updateOrderStatus","FUNCTION_TARGET":"updateOrderStatus","LOG_EXECUTION_ID":"true"},"ingressSettings":"ALLOW_ALL","serviceAccountEmail":"542895519847-compute@developer.gserviceaccount.com","availableMemory":"256Mi","maxInstanceRequestConcurrency":80,"availableCpu":"1"},"labels":{"deployment-tool":"cli-firebase","deployment-callable":"true","firebase-functions-hash":"96ad5a3c4a728af6f8748404f106ce0e7782af79"},"environment":"GEN_2"},"stages":[{"name":"BUILD","state":"NOT_STARTED"},{"name":"SERVICE","state":"NOT_STARTED"}],"operationType":"CREATE_FUNCTION"},"done":false}
[debug] [2026-06-08T02:46:18.167Z] [create-default-us-central1-updateOrderStatus] Retrying task index 0
[debug] [2026-06-08T02:46:18.167Z] Checked if tokens are valid: true, expires at: 1780889226631
[debug] [2026-06-08T02:46:18.168Z] Checked if tokens are valid: true, expires at: 1780889226631
[debug] [2026-06-08T02:46:18.168Z] >>> [apiv2][query] GET https://cloudfunctions.googleapis.com/v2/projects/campusbite-7d7c6/locations/us-central1/operations/operation-1780886771165-653b503616818-3f72f722-803b0b11 [none]
[debug] [2026-06-08T02:46:19.720Z] <<< [apiv2][status] GET https://cloudfunctions.googleapis.com/v2/projects/campusbite-7d7c6/locations/us-central1/operations/operation-1780886771165-653b503616818-3f72f722-803b0b11 200
[debug] [2026-06-08T02:46:19.720Z] <<< [apiv2][body] GET https://cloudfunctions.googleapis.com/v2/projects/campusbite-7d7c6/locations/us-central1/operations/operation-1780886771165-653b503616818-3f72f722-803b0b11 {"name":"projects/campusbite-7d7c6/locations/us-central1/operations/operation-1780886771165-653b503616818-3f72f722-803b0b11","metadata":{"@type":"type.googleapis.com/google.cloud.functions.v2.OperationMetadata","createTime":"2026-06-08T02:46:13.658406052Z","target":"projects/campusbite-7d7c6/locations/us-central1/functions/updateOrderStatus","verb":"create","cancelRequested":false,"apiVersion":"v2","requestResource":{"@type":"type.googleapis.com/google.cloud.functions.v2.Function","name":"projects/campusbite-7d7c6/locations/us-central1/functions/updateOrderStatus","buildConfig":{"runtime":"nodejs24","entryPoint":"updateOrderStatus","source":{"storageSource":{"bucket":"gcf-v2-sources-542895519847-us-central1","object":"updateOrderStatus/function-source.zip","generation":"1780886772224960"}},"environmentVariables":{"GOOGLE_NODE_RUN_SCRIPTS":""},"serviceAccount":"projects/campusbite-7d7c6/serviceAccounts/542895519847-compute@developer.gserviceaccount.com","automaticUpdatePolicy":{}},"serviceConfig":{"service":"projects/campusbite-7d7c6/locations/us-central1/services/updateorderstatus","timeoutSeconds":60,"environmentVariables":{"FIREBASE_CONFIG":"{\"projectId\":\"campusbite-7d7c6\",\"storageBucket\":\"campusbite-7d7c6.firebasestorage.app\"}","GCLOUD_PROJECT":"campusbite-7d7c6","EVENTARC_CLOUD_EVENT_SOURCE":"projects/campusbite-7d7c6/locations/us-central1/services/updateOrderStatus","FUNCTION_TARGET":"updateOrderStatus","LOG_EXECUTION_ID":"true"},"ingressSettings":"ALLOW_ALL","serviceAccountEmail":"542895519847-compute@developer.gserviceaccount.com","availableMemory":"256Mi","maxInstanceRequestConcurrency":80,"availableCpu":"1"},"labels":{"deployment-tool":"cli-firebase","deployment-callable":"true","firebase-functions-hash":"96ad5a3c4a728af6f8748404f106ce0e7782af79"},"environment":"GEN_2"},"stages":[{"name":"BUILD","state":"NOT_STARTED"},{"name":"SERVICE","state":"NOT_STARTED"}],"operationType":"CREATE_FUNCTION"},"done":false}
[debug] [2026-06-08T02:46:21.722Z] [create-default-us-central1-updateOrderStatus] Retrying task index 0
[debug] [2026-06-08T02:46:21.722Z] Checked if tokens are valid: true, expires at: 1780889226631
[debug] [2026-06-08T02:46:21.723Z] Checked if tokens are valid: true, expires at: 1780889226631
[debug] [2026-06-08T02:46:21.723Z] >>> [apiv2][query] GET https://cloudfunctions.googleapis.com/v2/projects/campusbite-7d7c6/locations/us-central1/operations/operation-1780886771165-653b503616818-3f72f722-803b0b11 [none]
[debug] [2026-06-08T02:46:23.199Z] <<< [apiv2][status] GET https://cloudfunctions.googleapis.com/v2/projects/campusbite-7d7c6/locations/us-central1/operations/operation-1780886771165-653b503616818-3f72f722-803b0b11 200
[debug] [2026-06-08T02:46:23.200Z] <<< [apiv2][body] GET https://cloudfunctions.googleapis.com/v2/projects/campusbite-7d7c6/locations/us-central1/operations/operation-1780886771165-653b503616818-3f72f722-803b0b11 {"name":"projects/campusbite-7d7c6/locations/us-central1/operations/operation-1780886771165-653b503616818-3f72f722-803b0b11","metadata":{"@type":"type.googleapis.com/google.cloud.functions.v2.OperationMetadata","createTime":"2026-06-08T02:46:13.658406052Z","target":"projects/campusbite-7d7c6/locations/us-central1/functions/updateOrderStatus","verb":"create","cancelRequested":false,"apiVersion":"v2","requestResource":{"@type":"type.googleapis.com/google.cloud.functions.v2.Function","name":"projects/campusbite-7d7c6/locations/us-central1/functions/updateOrderStatus","buildConfig":{"runtime":"nodejs24","entryPoint":"updateOrderStatus","source":{"storageSource":{"bucket":"gcf-v2-sources-542895519847-us-central1","object":"updateOrderStatus/function-source.zip","generation":"1780886772224960"}},"environmentVariables":{"GOOGLE_NODE_RUN_SCRIPTS":""},"serviceAccount":"projects/campusbite-7d7c6/serviceAccounts/542895519847-compute@developer.gserviceaccount.com","automaticUpdatePolicy":{}},"serviceConfig":{"service":"projects/campusbite-7d7c6/locations/us-central1/services/updateorderstatus","timeoutSeconds":60,"environmentVariables":{"FIREBASE_CONFIG":"{\"projectId\":\"campusbite-7d7c6\",\"storageBucket\":\"campusbite-7d7c6.firebasestorage.app\"}","GCLOUD_PROJECT":"campusbite-7d7c6","EVENTARC_CLOUD_EVENT_SOURCE":"projects/campusbite-7d7c6/locations/us-central1/services/updateOrderStatus","FUNCTION_TARGET":"updateOrderStatus","LOG_EXECUTION_ID":"true"},"ingressSettings":"ALLOW_ALL","serviceAccountEmail":"542895519847-compute@developer.gserviceaccount.com","availableMemory":"256Mi","maxInstanceRequestConcurrency":80,"availableCpu":"1"},"labels":{"deployment-tool":"cli-firebase","deployment-callable":"true","firebase-functions-hash":"96ad5a3c4a728af6f8748404f106ce0e7782af79"},"environment":"GEN_2"},"stages":[{"name":"BUILD","state":"NOT_STARTED"},{"name":"SERVICE","state":"NOT_STARTED"}],"operationType":"CREATE_FUNCTION"},"done":false}
[debug] [2026-06-08T02:46:27.202Z] [create-default-us-central1-updateOrderStatus] Retrying task index 0
[debug] [2026-06-08T02:46:27.203Z] Checked if tokens are valid: true, expires at: 1780889226631
[debug] [2026-06-08T02:46:27.203Z] Checked if tokens are valid: true, expires at: 1780889226631
[debug] [2026-06-08T02:46:27.204Z] >>> [apiv2][query] GET https://cloudfunctions.googleapis.com/v2/projects/campusbite-7d7c6/locations/us-central1/operations/operation-1780886771165-653b503616818-3f72f722-803b0b11 [none]
[debug] [2026-06-08T02:46:28.730Z] <<< [apiv2][status] GET https://cloudfunctions.googleapis.com/v2/projects/campusbite-7d7c6/locations/us-central1/operations/operation-1780886771165-653b503616818-3f72f722-803b0b11 200
[debug] [2026-06-08T02:46:28.730Z] <<< [apiv2][body] GET https://cloudfunctions.googleapis.com/v2/projects/campusbite-7d7c6/locations/us-central1/operations/operation-1780886771165-653b503616818-3f72f722-803b0b11 {"name":"projects/campusbite-7d7c6/locations/us-central1/operations/operation-1780886771165-653b503616818-3f72f722-803b0b11","metadata":{"@type":"type.googleapis.com/google.cloud.functions.v2.OperationMetadata","createTime":"2026-06-08T02:46:13.658406052Z","target":"projects/campusbite-7d7c6/locations/us-central1/functions/updateOrderStatus","verb":"create","cancelRequested":false,"apiVersion":"v2","requestResource":{"@type":"type.googleapis.com/google.cloud.functions.v2.Function","name":"projects/campusbite-7d7c6/locations/us-central1/functions/updateOrderStatus","buildConfig":{"runtime":"nodejs24","entryPoint":"updateOrderStatus","source":{"storageSource":{"bucket":"gcf-v2-sources-542895519847-us-central1","object":"updateOrderStatus/function-source.zip","generation":"1780886772224960"}},"environmentVariables":{"GOOGLE_NODE_RUN_SCRIPTS":""},"serviceAccount":"projects/campusbite-7d7c6/serviceAccounts/542895519847-compute@developer.gserviceaccount.com","automaticUpdatePolicy":{}},"serviceConfig":{"service":"projects/campusbite-7d7c6/locations/us-central1/services/updateorderstatus","timeoutSeconds":60,"environmentVariables":{"FIREBASE_CONFIG":"{\"projectId\":\"campusbite-7d7c6\",\"storageBucket\":\"campusbite-7d7c6.firebasestorage.app\"}","GCLOUD_PROJECT":"campusbite-7d7c6","EVENTARC_CLOUD_EVENT_SOURCE":"projects/campusbite-7d7c6/locations/us-central1/services/updateOrderStatus","FUNCTION_TARGET":"updateOrderStatus","LOG_EXECUTION_ID":"true"},"ingressSettings":"ALLOW_ALL","serviceAccountEmail":"542895519847-compute@developer.gserviceaccount.com","availableMemory":"256Mi","maxInstanceRequestConcurrency":80,"availableCpu":"1"},"labels":{"deployment-tool":"cli-firebase","deployment-callable":"true","firebase-functions-hash":"96ad5a3c4a728af6f8748404f106ce0e7782af79"},"environment":"GEN_2"},"stages":[{"name":"BUILD","message":"Build in progress","state":"IN_PROGRESS","resource":"projects/542895519847/locations/us-central1/builds/67d584e5-58e8-4ac4-993a-802c04bd51af","resourceUri":"https://console.cloud.google.com/cloud-build/builds;region=us-central1/67d584e5-58e8-4ac4-993a-802c04bd51af?project=542895519847"},{"name":"SERVICE","state":"NOT_STARTED"}],"operationType":"CREATE_FUNCTION","buildName":"projects/542895519847/locations/us-central1/builds/67d584e5-58e8-4ac4-993a-802c04bd51af"},"done":false}
[debug] [2026-06-08T02:46:36.736Z] [create-default-us-central1-updateOrderStatus] Retrying task index 0
[debug] [2026-06-08T02:46:36.738Z] Checked if tokens are valid: true, expires at: 1780889226631
[debug] [2026-06-08T02:46:36.738Z] Checked if tokens are valid: true, expires at: 1780889226631
[debug] [2026-06-08T02:46:36.738Z] >>> [apiv2][query] GET https://cloudfunctions.googleapis.com/v2/projects/campusbite-7d7c6/locations/us-central1/operations/operation-1780886771165-653b503616818-3f72f722-803b0b11 [none]
[debug] [2026-06-08T02:46:38.567Z] <<< [apiv2][status] GET https://cloudfunctions.googleapis.com/v2/projects/campusbite-7d7c6/locations/us-central1/operations/operation-1780886771165-653b503616818-3f72f722-803b0b11 200
[debug] [2026-06-08T02:46:38.567Z] <<< [apiv2][body] GET https://cloudfunctions.googleapis.com/v2/projects/campusbite-7d7c6/locations/us-central1/operations/operation-1780886771165-653b503616818-3f72f722-803b0b11 {"name":"projects/campusbite-7d7c6/locations/us-central1/operations/operation-1780886771165-653b503616818-3f72f722-803b0b11","metadata":{"@type":"type.googleapis.com/google.cloud.functions.v2.OperationMetadata","createTime":"2026-06-08T02:46:13.658406052Z","target":"projects/campusbite-7d7c6/locations/us-central1/functions/updateOrderStatus","verb":"create","cancelRequested":false,"apiVersion":"v2","requestResource":{"@type":"type.googleapis.com/google.cloud.functions.v2.Function","name":"projects/campusbite-7d7c6/locations/us-central1/functions/updateOrderStatus","buildConfig":{"runtime":"nodejs24","entryPoint":"updateOrderStatus","source":{"storageSource":{"bucket":"gcf-v2-sources-542895519847-us-central1","object":"updateOrderStatus/function-source.zip","generation":"1780886772224960"}},"environmentVariables":{"GOOGLE_NODE_RUN_SCRIPTS":""},"serviceAccount":"projects/campusbite-7d7c6/serviceAccounts/542895519847-compute@developer.gserviceaccount.com","automaticUpdatePolicy":{}},"serviceConfig":{"service":"projects/campusbite-7d7c6/locations/us-central1/services/updateorderstatus","timeoutSeconds":60,"environmentVariables":{"FIREBASE_CONFIG":"{\"projectId\":\"campusbite-7d7c6\",\"storageBucket\":\"campusbite-7d7c6.firebasestorage.app\"}","GCLOUD_PROJECT":"campusbite-7d7c6","EVENTARC_CLOUD_EVENT_SOURCE":"projects/campusbite-7d7c6/locations/us-central1/services/updateOrderStatus","FUNCTION_TARGET":"updateOrderStatus","LOG_EXECUTION_ID":"true"},"ingressSettings":"ALLOW_ALL","serviceAccountEmail":"542895519847-compute@developer.gserviceaccount.com","availableMemory":"256Mi","maxInstanceRequestConcurrency":80,"availableCpu":"1"},"labels":{"deployment-tool":"cli-firebase","deployment-callable":"true","firebase-functions-hash":"96ad5a3c4a728af6f8748404f106ce0e7782af79"},"environment":"GEN_2"},"stages":[{"name":"BUILD","message":"Build in progress","state":"IN_PROGRESS","resource":"projects/542895519847/locations/us-central1/builds/67d584e5-58e8-4ac4-993a-802c04bd51af","resourceUri":"https://console.cloud.google.com/cloud-build/builds;region=us-central1/67d584e5-58e8-4ac4-993a-802c04bd51af?project=542895519847"},{"name":"SERVICE","state":"NOT_STARTED"}],"operationType":"CREATE_FUNCTION","buildName":"projects/542895519847/locations/us-central1/builds/67d584e5-58e8-4ac4-993a-802c04bd51af"},"done":false}
[debug] [2026-06-08T02:46:48.579Z] [create-default-us-central1-updateOrderStatus] Retrying task index 0
[debug] [2026-06-08T02:46:48.579Z] Checked if tokens are valid: true, expires at: 1780889226631
[debug] [2026-06-08T02:46:48.579Z] Checked if tokens are valid: true, expires at: 1780889226631
[debug] [2026-06-08T02:46:48.580Z] >>> [apiv2][query] GET https://cloudfunctions.googleapis.com/v2/projects/campusbite-7d7c6/locations/us-central1/operations/operation-1780886771165-653b503616818-3f72f722-803b0b11 [none]
[debug] [2026-06-08T02:46:50.236Z] <<< [apiv2][status] GET https://cloudfunctions.googleapis.com/v2/projects/campusbite-7d7c6/locations/us-central1/operations/operation-1780886771165-653b503616818-3f72f722-803b0b11 200
[debug] [2026-06-08T02:46:50.236Z] <<< [apiv2][body] GET https://cloudfunctions.googleapis.com/v2/projects/campusbite-7d7c6/locations/us-central1/operations/operation-1780886771165-653b503616818-3f72f722-803b0b11 {"name":"projects/campusbite-7d7c6/locations/us-central1/operations/operation-1780886771165-653b503616818-3f72f722-803b0b11","metadata":{"@type":"type.googleapis.com/google.cloud.functions.v2.OperationMetadata","createTime":"2026-06-08T02:46:13.658406052Z","target":"projects/campusbite-7d7c6/locations/us-central1/functions/updateOrderStatus","verb":"create","cancelRequested":false,"apiVersion":"v2","requestResource":{"@type":"type.googleapis.com/google.cloud.functions.v2.Function","name":"projects/campusbite-7d7c6/locations/us-central1/functions/updateOrderStatus","buildConfig":{"runtime":"nodejs24","entryPoint":"updateOrderStatus","source":{"storageSource":{"bucket":"gcf-v2-sources-542895519847-us-central1","object":"updateOrderStatus/function-source.zip","generation":"1780886772224960"}},"environmentVariables":{"GOOGLE_NODE_RUN_SCRIPTS":""},"serviceAccount":"projects/campusbite-7d7c6/serviceAccounts/542895519847-compute@developer.gserviceaccount.com","automaticUpdatePolicy":{}},"serviceConfig":{"service":"projects/campusbite-7d7c6/locations/us-central1/services/updateorderstatus","timeoutSeconds":60,"environmentVariables":{"FIREBASE_CONFIG":"{\"projectId\":\"campusbite-7d7c6\",\"storageBucket\":\"campusbite-7d7c6.firebasestorage.app\"}","GCLOUD_PROJECT":"campusbite-7d7c6","EVENTARC_CLOUD_EVENT_SOURCE":"projects/campusbite-7d7c6/locations/us-central1/services/updateOrderStatus","FUNCTION_TARGET":"updateOrderStatus","LOG_EXECUTION_ID":"true"},"ingressSettings":"ALLOW_ALL","serviceAccountEmail":"542895519847-compute@developer.gserviceaccount.com","availableMemory":"256Mi","maxInstanceRequestConcurrency":80,"availableCpu":"1"},"labels":{"deployment-tool":"cli-firebase","deployment-callable":"true","firebase-functions-hash":"96ad5a3c4a728af6f8748404f106ce0e7782af79"},"environment":"GEN_2"},"stages":[{"name":"BUILD","message":"Build in progress","state":"IN_PROGRESS","resource":"projects/542895519847/locations/us-central1/builds/67d584e5-58e8-4ac4-993a-802c04bd51af","resourceUri":"https://console.cloud.google.com/cloud-build/builds;region=us-central1/67d584e5-58e8-4ac4-993a-802c04bd51af?project=542895519847"},{"name":"SERVICE","state":"NOT_STARTED"}],"operationType":"CREATE_FUNCTION","buildName":"projects/542895519847/locations/us-central1/builds/67d584e5-58e8-4ac4-993a-802c04bd51af"},"done":false}
[debug] [2026-06-08T02:47:00.238Z] [create-default-us-central1-updateOrderStatus] Retrying task index 0
[debug] [2026-06-08T02:47:00.239Z] Checked if tokens are valid: true, expires at: 1780889226631
[debug] [2026-06-08T02:47:00.239Z] Checked if tokens are valid: true, expires at: 1780889226631
[debug] [2026-06-08T02:47:00.239Z] >>> [apiv2][query] GET https://cloudfunctions.googleapis.com/v2/projects/campusbite-7d7c6/locations/us-central1/operations/operation-1780886771165-653b503616818-3f72f722-803b0b11 [none]
[debug] [2026-06-08T02:47:02.134Z] <<< [apiv2][status] GET https://cloudfunctions.googleapis.com/v2/projects/campusbite-7d7c6/locations/us-central1/operations/operation-1780886771165-653b503616818-3f72f722-803b0b11 200
[debug] [2026-06-08T02:47:02.134Z] <<< [apiv2][body] GET https://cloudfunctions.googleapis.com/v2/projects/campusbite-7d7c6/locations/us-central1/operations/operation-1780886771165-653b503616818-3f72f722-803b0b11 {"name":"projects/campusbite-7d7c6/locations/us-central1/operations/operation-1780886771165-653b503616818-3f72f722-803b0b11","metadata":{"@type":"type.googleapis.com/google.cloud.functions.v2.OperationMetadata","createTime":"2026-06-08T02:46:13.658406052Z","endTime":"2026-06-08T02:46:56.849249232Z","target":"projects/campusbite-7d7c6/locations/us-central1/functions/updateOrderStatus","verb":"create","cancelRequested":false,"apiVersion":"v2","requestResource":{"@type":"type.googleapis.com/google.cloud.functions.v2.Function","name":"projects/campusbite-7d7c6/locations/us-central1/functions/updateOrderStatus","buildConfig":{"runtime":"nodejs24","entryPoint":"updateOrderStatus","source":{"storageSource":{"bucket":"gcf-v2-sources-542895519847-us-central1","object":"updateOrderStatus/function-source.zip","generation":"1780886772224960"}},"environmentVariables":{"GOOGLE_NODE_RUN_SCRIPTS":""},"serviceAccount":"projects/campusbite-7d7c6/serviceAccounts/542895519847-compute@developer.gserviceaccount.com","automaticUpdatePolicy":{}},"serviceConfig":{"service":"projects/campusbite-7d7c6/locations/us-central1/services/updateorderstatus","timeoutSeconds":60,"environmentVariables":{"FIREBASE_CONFIG":"{\"projectId\":\"campusbite-7d7c6\",\"storageBucket\":\"campusbite-7d7c6.firebasestorage.app\"}","GCLOUD_PROJECT":"campusbite-7d7c6","EVENTARC_CLOUD_EVENT_SOURCE":"projects/campusbite-7d7c6/locations/us-central1/services/updateOrderStatus","FUNCTION_TARGET":"updateOrderStatus","LOG_EXECUTION_ID":"true"},"ingressSettings":"ALLOW_ALL","serviceAccountEmail":"542895519847-compute@developer.gserviceaccount.com","availableMemory":"256Mi","maxInstanceRequestConcurrency":80,"availableCpu":"1"},"labels":{"deployment-tool":"cli-firebase","deployment-callable":"true","firebase-functions-hash":"96ad5a3c4a728af6f8748404f106ce0e7782af79"},"environment":"GEN_2"},"stages":[{"name":"ARTIFACT_REGISTRY","message":"Deleting function artifacts in Artifact Registry","state":"COMPLETE"},{"name":"SERVICE","message":"Deleting Cloud Run service","state":"COMPLETE","resource":"projects/campusbite-7d7c6/locations/us-central1/services/updateorderstatus"}],"operationType":"CREATE_FUNCTION"},"done":true,"error":{"code":3,"message":"Build failed with status: FAILURE. Could not build the function due to a missing permission on the build service account. If you didn't revoke that permission explicitly, this could be caused by a change in the organization policies. Please refer to the following documentation for more details and resolution: https://cloud.google.com/functions/docs/troubleshooting#build-service-account\n You can also view the logs at https://console.cloud.google.com/cloud-build/builds;region=us-central1/67d584e5-58e8-4ac4-993a-802c04bd51af?project=542895519847.\n"}}
[debug] [2026-06-08T02:47:02.135Z] Got source token undefined for region us-central1
[debug] [2026-06-08T02:47:02.135Z] Checked if tokens are valid: true, expires at: 1780889226631
[debug] [2026-06-08T02:47:02.135Z] Checked if tokens are valid: true, expires at: 1780889226631
[debug] [2026-06-08T02:47:02.135Z] >>> [apiv2][query] POST https://cloudfunctions.googleapis.com/v2/projects/campusbite-7d7c6/locations/us-central1/functions functionId=sendOrderReadyNotification
[debug] [2026-06-08T02:47:02.135Z] >>> [apiv2][body] POST https://cloudfunctions.googleapis.com/v2/projects/campusbite-7d7c6/locations/us-central1/functions {"name":"projects/campusbite-7d7c6/locations/us-central1/functions/sendOrderReadyNotification","buildConfig":{"runtime":"nodejs24","entryPoint":"sendOrderReadyNotification","source":{"storageSource":{"bucket":"gcf-v2-uploads-542895519847.us-central1.cloudfunctions.appspot.com","object":"8e461ed8-ab83-4df7-9e27-7be6eb3c2e78.zip"}},"environmentVariables":{"GOOGLE_NODE_RUN_SCRIPTS":""}},"serviceConfig":{"environmentVariables":{"FIREBASE_CONFIG":"{\"projectId\":\"campusbite-7d7c6\",\"storageBucket\":\"campusbite-7d7c6.firebasestorage.app\"}","GCLOUD_PROJECT":"campusbite-7d7c6","EVENTARC_CLOUD_EVENT_SOURCE":"projects/campusbite-7d7c6/locations/us-central1/services/sendOrderReadyNotification","FUNCTION_SIGNATURE_TYPE":"cloudevent","FUNCTION_TARGET":"sendOrderReadyNotification","LOG_EXECUTION_ID":"true"},"ingressSettings":null,"timeoutSeconds":null,"serviceAccountEmail":null,"availableMemory":"256Mi","minInstanceCount":null,"maxInstanceCount":null,"maxInstanceRequestConcurrency":80,"availableCpu":"1","vpcConnector":null,"vpcConnectorEgressSettings":null,"directVpcNetworkInterface":null,"directVpcEgress":null},"labels":{"deployment-tool":"cli-firebase","firebase-functions-hash":"96ad5a3c4a728af6f8748404f106ce0e7782af79"},"eventTrigger":{"eventType":"google.cloud.firestore.document.v1.updated","retryPolicy":"RETRY_POLICY_DO_NOT_RETRY","eventFilters":[{"attribute":"database","value":"(default)"},{"attribute":"namespace","value":"(default)"},{"attribute":"document","value":"orders/{orderId}","operator":"match-path-pattern"}],"triggerRegion":"asia-south1"}}
[error] Build failed with status: FAILURE. Could not build the function due to a missing permission on the build service account. If you didn't revoke that permission explicitly, this could be caused by a change in the organization policies. Please refer to the following documentation for more details and resolution: https://cloud.google.com/functions/docs/troubleshooting#build-service-account
 You can also view the logs at https://console.cloud.google.com/cloud-build/builds;region=us-central1/67d584e5-58e8-4ac4-993a-802c04bd51af?project=542895519847.

[debug] [2026-06-08T02:47:19.623Z] <<< [apiv2][status] POST https://cloudfunctions.googleapis.com/v2/projects/campusbite-7d7c6/locations/us-central1/functions 400
[debug] [2026-06-08T02:47:19.624Z] <<< [apiv2][body] POST https://cloudfunctions.googleapis.com/v2/projects/campusbite-7d7c6/locations/us-central1/functions {"error":{"code":400,"message":"Validation failed for trigger projects/campusbite-7d7c6/locations/asia-south1/triggers/sendorderreadynotification-465230: Invalid resource state for \"\": Permission denied while using the Eventarc Service Agent. If you recently started to use Eventarc, it may take a few minutes before all necessary permissions are propagated to the Service Agent. Otherwise, verify that it has Eventarc Service Agent role.","status":"FAILED_PRECONDITION"}}
[warn] !  functions: Request to https://cloudfunctions.googleapis.com/v2/projects/campusbite-7d7c6/locations/us-central1/functions?functionId=sendOrderReadyNotification had HTTP Error: 400, Validation failed for trigger projects/campusbite-7d7c6/locations/asia-south1/triggers/sendorderreadynotification-465230: Invalid resource state for "": Permission denied while using the Eventarc Service Agent. If you recently started to use Eventarc, it may take a few minutes before all necessary permissions are propagated to the Service Agent. Otherwise, verify that it has Eventarc Service Agent role. 
[warn] !  functions: Since this is your first time using 2nd gen functions, we need a little bit longer to finish setting everything up. Retry the deployment in a few minutes. 
[warn] !  functions:  failed to create function projects/campusbite-7d7c6/locations/us-central1/functions/sendOrderReadyNotification 
[error] Failed to create function projects/campusbite-7d7c6/locations/us-central1/functions/sendOrderReadyNotification
[warn] !  functions: Deploys failed. Skipping deletes. 
[debug] [2026-06-08T02:47:19.647Z] Total Function Deployment time: 70042
[debug] [2026-06-08T02:47:19.647Z] 2 Functions Deployed
[debug] [2026-06-08T02:47:19.647Z] 2 Functions Errored
[debug] [2026-06-08T02:47:19.647Z] 0 Function Deployments Aborted
[debug] [2026-06-08T02:47:19.647Z] Average Function Deployment time: 61294.5
[info] 
[info] Functions deploy had errors with the following functions:
	sendOrderReadyNotification(us-central1)
	updateOrderStatus(us-central1)
[debug] [2026-06-08T02:47:20.462Z] Checked if tokens are valid: true, expires at: 1780889226631
[debug] [2026-06-08T02:47:20.462Z] Checked if tokens are valid: true, expires at: 1780889226631
[debug] [2026-06-08T02:47:20.462Z] >>> [apiv2][query] GET https://artifactregistry.googleapis.com/v1/projects/campusbite-7d7c6/locations/us-central1/repositories/gcf-artifacts [none]
[debug] [2026-06-08T02:47:22.184Z] <<< [apiv2][status] GET https://artifactregistry.googleapis.com/v1/projects/campusbite-7d7c6/locations/us-central1/repositories/gcf-artifacts 200
[debug] [2026-06-08T02:47:22.185Z] <<< [apiv2][body] GET https://artifactregistry.googleapis.com/v1/projects/campusbite-7d7c6/locations/us-central1/repositories/gcf-artifacts {"name":"projects/campusbite-7d7c6/locations/us-central1/repositories/gcf-artifacts","format":"DOCKER","description":"This repository is created and used by Cloud Functions for storing function docker images.","labels":{"goog-managed-by":"cloudfunctions"},"createTime":"2026-06-08T02:46:22.466997Z","updateTime":"2026-06-08T02:46:22.466997Z","mode":"STANDARD_REPOSITORY","vulnerabilityScanningConfig":{"lastEnableTime":"2026-06-08T02:46:13.876110059Z","enablementState":"SCANNING_DISABLED","enablementStateReason":"API containerscanning.googleapis.com is not enabled."},"satisfiesPzi":true,"registryUri":"us-central1-docker.pkg.dev/campusbite-7d7c6/gcf-artifacts"}
[warn] !  functions: No cleanup policy detected for repositories in us-central1. This may result in a small monthly bill as container images accumulate over time. 
[info] i  functions: Configuring cleanup policy for repository in us-central1. Images older than 1 days will be automatically deleted. 
[debug] [2026-06-08T02:48:50.563Z] Setting up artifact cleanup policy for region us-central1
[debug] [2026-06-08T02:48:50.566Z] Checked if tokens are valid: true, expires at: 1780889226631
[debug] [2026-06-08T02:48:50.566Z] Checked if tokens are valid: true, expires at: 1780889226631
[debug] [2026-06-08T02:48:50.567Z] >>> [apiv2][query] PATCH https://artifactregistry.googleapis.com/v1/projects/campusbite-7d7c6/locations/us-central1/repositories/gcf-artifacts updateMask=name%2CcleanupPolicies%2CcleanupPolicyDryRun%2Clabels
[debug] [2026-06-08T02:48:50.567Z] >>> [apiv2][body] PATCH https://artifactregistry.googleapis.com/v1/projects/campusbite-7d7c6/locations/us-central1/repositories/gcf-artifacts {"name":"projects/campusbite-7d7c6/locations/us-central1/repositories/gcf-artifacts","cleanupPolicies":{"firebase-functions-cleanup":{"id":"firebase-functions-cleanup","condition":{"tagState":"ANY","olderThan":"86400s"},"action":"DELETE"}},"cleanupPolicyDryRun":false,"labels":{"goog-managed-by":"cloudfunctions"}}
[debug] [2026-06-08T02:48:52.297Z] <<< [apiv2][status] PATCH https://artifactregistry.googleapis.com/v1/projects/campusbite-7d7c6/locations/us-central1/repositories/gcf-artifacts 200
[debug] [2026-06-08T02:48:52.298Z] <<< [apiv2][body] PATCH https://artifactregistry.googleapis.com/v1/projects/campusbite-7d7c6/locations/us-central1/repositories/gcf-artifacts {"name":"projects/campusbite-7d7c6/locations/us-central1/repositories/gcf-artifacts","format":"DOCKER","description":"This repository is created and used by Cloud Functions for storing function docker images.","labels":{"goog-managed-by":"cloudfunctions"},"createTime":"2026-06-08T02:46:22.466997Z","updateTime":"2026-06-08T02:48:52.345561Z","mode":"STANDARD_REPOSITORY","cleanupPolicies":{"firebase-functions-cleanup":{"id":"firebase-functions-cleanup","action":"DELETE","condition":{"tagState":"ANY","olderThan":"86400s"}}},"vulnerabilityScanningConfig":{"lastEnableTime":"2026-06-08T02:46:13.876110059Z","enablementState":"SCANNING_DISABLED","enablementStateReason":"API containerscanning.googleapis.com is not enabled."},"satisfiesPzi":true}
[info] i  functions: Configured cleanup policy for repository in us-central1. 
[debug] [2026-06-08T02:48:52.298Z] Functions deploy failed.
[debug] [2026-06-08T02:48:52.299Z] {
  "endpoint": {
    "id": "updateOrderStatus",
    "project": "campusbite-7d7c6",
    "region": "us-central1",
    "entryPoint": "updateOrderStatus",
    "platform": "gcfv2",
    "runtime": "nodejs24",
    "callableTrigger": {},
    "labels": {
      "deployment-tool": "cli-firebase"
    },
    "serviceAccount": null,
    "ingressSettings": null,
    "availableMemoryMb": null,
    "timeoutSeconds": null,
    "maxInstances": null,
    "minInstances": null,
    "concurrency": 80,
    "vpc": null,
    "environmentVariables": {
      "FIREBASE_CONFIG": "{\"projectId\":\"campusbite-7d7c6\",\"storageBucket\":\"campusbite-7d7c6.firebasestorage.app\"}",
      "GCLOUD_PROJECT": "campusbite-7d7c6",
      "EVENTARC_CLOUD_EVENT_SOURCE": "projects/campusbite-7d7c6/locations/us-central1/services/updateOrderStatus"
    },
    "codebase": "default",
    "cpu": 1,
    "targetedByOnly": true,
    "hash": "96ad5a3c4a728af6f8748404f106ce0e7782af79"
  },
  "op": "create",
  "original": {
    "name": "FirebaseError",
    "children": [],
    "exit": 1,
    "message": "Build failed with status: FAILURE. Could not build the function due to a missing permission on the build service account. If you didn't revoke that permission explicitly, this could be caused by a change in the organization policies. Please refer to the following documentation for more details and resolution: https://cloud.google.com/functions/docs/troubleshooting#build-service-account\n You can also view the logs at https://console.cloud.google.com/cloud-build/builds;region=us-central1/67d584e5-58e8-4ac4-993a-802c04bd51af?project=542895519847.\n",
    "original": {
      "code": 3,
      "message": "Build failed with status: FAILURE. Could not build the function due to a missing permission on the build service account. If you didn't revoke that permission explicitly, this could be caused by a change in the organization policies. Please refer to the following documentation for more details and resolution: https://cloud.google.com/functions/docs/troubleshooting#build-service-account\n You can also view the logs at https://console.cloud.google.com/cloud-build/builds;region=us-central1/67d584e5-58e8-4ac4-993a-802c04bd51af?project=542895519847.\n"
    },
    "status": 3,
    "code": 3
  }
}
[debug] [2026-06-08T02:48:52.299Z] {
  "endpoint": {
    "id": "sendOrderReadyNotification",
    "project": "campusbite-7d7c6",
    "region": "us-central1",
    "entryPoint": "sendOrderReadyNotification",
    "platform": "gcfv2",
    "runtime": "nodejs24",
    "eventTrigger": {
      "eventType": "google.cloud.firestore.document.v1.updated",
      "retry": false,
      "eventFilters": {
        "database": "(default)",
        "namespace": "(default)"
      },
      "eventFilterPathPatterns": {
        "document": "orders/{orderId}"
      },
      "region": "asia-south1"
    },
    "labels": {
      "deployment-tool": "cli-firebase"
    },
    "serviceAccount": null,
    "ingressSettings": null,
    "availableMemoryMb": null,
    "timeoutSeconds": null,
    "maxInstances": null,
    "minInstances": null,
    "concurrency": 80,
    "vpc": null,
    "environmentVariables": {
      "FIREBASE_CONFIG": "{\"projectId\":\"campusbite-7d7c6\",\"storageBucket\":\"campusbite-7d7c6.firebasestorage.app\"}",
      "GCLOUD_PROJECT": "campusbite-7d7c6",
      "EVENTARC_CLOUD_EVENT_SOURCE": "projects/campusbite-7d7c6/locations/us-central1/services/sendOrderReadyNotification"
    },
    "codebase": "default",
    "cpu": 1,
    "targetedByOnly": true,
    "hash": "96ad5a3c4a728af6f8748404f106ce0e7782af79"
  },
  "op": "create",
  "original": {
    "name": "FirebaseError",
    "children": [],
    "context": {
      "function": "projects/campusbite-7d7c6/locations/us-central1/functions/sendOrderReadyNotification"
    },
    "exit": 1,
    "message": "Failed to create function projects/campusbite-7d7c6/locations/us-central1/functions/sendOrderReadyNotification",
    "original": {
      "name": "FirebaseError",
      "children": [],
      "context": {
        "body": {
          "error": {
            "code": 400,
            "message": "Validation failed for trigger projects/campusbite-7d7c6/locations/asia-south1/triggers/sendorderreadynotification-465230: Invalid resource state for \"\": Permission denied while using the Eventarc Service Agent. If you recently started to use Eventarc, it may take a few minutes before all necessary permissions are propagated to the Service Agent. Otherwise, verify that it has Eventarc Service Agent role.",
            "status": "FAILED_PRECONDITION"
          }
        },
        "response": {
          "statusCode": 400
        }
      },
      "exit": 1,
      "message": "Request to https://cloudfunctions.googleapis.com/v2/projects/campusbite-7d7c6/locations/us-central1/functions?functionId=sendOrderReadyNotification had HTTP Error: 400, Validation failed for trigger projects/campusbite-7d7c6/locations/asia-south1/triggers/sendorderreadynotification-465230: Invalid resource state for \"\": Permission denied while using the Eventarc Service Agent. If you recently started to use Eventarc, it may take a few minutes before all necessary permissions are propagated to the Service Agent. Otherwise, verify that it has Eventarc Service Agent role.",
      "status": 400
    },
    "status": 400,
    "code": 400
  }
}
[error] Error: There was an error deploying functions:
[error] - Error Failed to create function updateOrderStatus in region us-central1
[error] - Error Failed to create function sendOrderReadyNotification in region us-central1
[debug] [2026-06-08T02:49:51.849Z] ----------------------------------------------------------------------
[debug] [2026-06-08T02:49:51.863Z] Command:       C:\Program Files\nodejs\node.exe C:\Users\Soaib Akhtar\AppData\Roaming\npm\node_modules\firebase-tools\lib\bin\firebase.js deploy --only functions:updateOrderStatus functions:sendOrderReadyNotification --debug
[debug] [2026-06-08T02:49:51.865Z] CLI Version:   15.16.0
[debug] [2026-06-08T02:49:51.865Z] Platform:      win32
[debug] [2026-06-08T02:49:51.866Z] Node Version:  v20.12.2
[debug] [2026-06-08T02:49:51.866Z] Time:          Mon Jun 08 2026 08:19:51 GMT+0530 (India Standard Time)
[debug] [2026-06-08T02:49:51.867Z] ----------------------------------------------------------------------
[debug] 
[debug] [2026-06-08T02:49:56.783Z] > command requires scopes: ["email","openid","https://www.googleapis.com/auth/cloudplatformprojects.readonly","https://www.googleapis.com/auth/firebase","https://www.googleapis.com/auth/cloud-platform"]
[debug] [2026-06-08T02:49:56.789Z] > authorizing via signed-in user (akhtarsamir00@gmail.com)
[debug] [2026-06-08T02:49:56.789Z] [iam] checking project campusbite-7d7c6 for permissions ["cloudfunctions.functions.create","cloudfunctions.functions.delete","cloudfunctions.functions.get","cloudfunctions.functions.list","cloudfunctions.functions.update","cloudfunctions.operations.get","firebase.projects.get"]
[debug] [2026-06-08T02:49:56.792Z] Checked if tokens are valid: true, expires at: 1780889226631
[debug] [2026-06-08T02:49:56.793Z] Checked if tokens are valid: true, expires at: 1780889226631
[debug] [2026-06-08T02:49:56.795Z] >>> [apiv2][query] POST https://cloudresourcemanager.googleapis.com/v1/projects/campusbite-7d7c6:testIamPermissions [none]
[debug] [2026-06-08T02:49:56.796Z] >>> [apiv2][(partial)header] POST https://cloudresourcemanager.googleapis.com/v1/projects/campusbite-7d7c6:testIamPermissions  x-goog-user-project=campusbite-7d7c6
[debug] [2026-06-08T02:49:56.797Z] >>> [apiv2][body] POST https://cloudresourcemanager.googleapis.com/v1/projects/campusbite-7d7c6:testIamPermissions {"permissions":["cloudfunctions.functions.create","cloudfunctions.functions.delete","cloudfunctions.functions.get","cloudfunctions.functions.list","cloudfunctions.functions.update","cloudfunctions.operations.get","firebase.projects.get"]}
[debug] [2026-06-08T02:49:58.673Z] <<< [apiv2][status] POST https://cloudresourcemanager.googleapis.com/v1/projects/campusbite-7d7c6:testIamPermissions 200
[debug] [2026-06-08T02:49:58.674Z] <<< [apiv2][body] POST https://cloudresourcemanager.googleapis.com/v1/projects/campusbite-7d7c6:testIamPermissions {"permissions":["cloudfunctions.functions.create","cloudfunctions.functions.delete","cloudfunctions.functions.get","cloudfunctions.functions.list","cloudfunctions.functions.update","cloudfunctions.operations.get","firebase.projects.get"]}
[debug] [2026-06-08T02:49:58.675Z] Checked if tokens are valid: true, expires at: 1780889226631
[debug] [2026-06-08T02:49:58.676Z] Checked if tokens are valid: true, expires at: 1780889226631
[debug] [2026-06-08T02:49:58.677Z] >>> [apiv2][query] POST https://iam.googleapis.com/v1/projects/campusbite-7d7c6/serviceAccounts/campusbite-7d7c6@appspot.gserviceaccount.com:testIamPermissions [none]
[debug] [2026-06-08T02:49:58.677Z] >>> [apiv2][body] POST https://iam.googleapis.com/v1/projects/campusbite-7d7c6/serviceAccounts/campusbite-7d7c6@appspot.gserviceaccount.com:testIamPermissions {"permissions":["iam.serviceAccounts.actAs"]}
[debug] [2026-06-08T02:50:00.772Z] <<< [apiv2][status] POST https://iam.googleapis.com/v1/projects/campusbite-7d7c6/serviceAccounts/campusbite-7d7c6@appspot.gserviceaccount.com:testIamPermissions 200
[debug] [2026-06-08T02:50:00.773Z] <<< [apiv2][body] POST https://iam.googleapis.com/v1/projects/campusbite-7d7c6/serviceAccounts/campusbite-7d7c6@appspot.gserviceaccount.com:testIamPermissions {"permissions":["iam.serviceAccounts.actAs"]}
[info] 
[info] === Deploying to 'campusbite-7d7c6'...
[info] 
[info] i  deploying functions 
[debug] [2026-06-08T02:50:00.785Z] Checked if tokens are valid: true, expires at: 1780889226631
[debug] [2026-06-08T02:50:00.786Z] Checked if tokens are valid: true, expires at: 1780889226631
[debug] [2026-06-08T02:50:00.788Z] >>> [apiv2][query] GET https://cloudresourcemanager.googleapis.com/v1/projects/campusbite-7d7c6 [none]
[debug] [2026-06-08T02:50:01.328Z] <<< [apiv2][status] GET https://cloudresourcemanager.googleapis.com/v1/projects/campusbite-7d7c6 200
[debug] [2026-06-08T02:50:01.329Z] <<< [apiv2][body] GET https://cloudresourcemanager.googleapis.com/v1/projects/campusbite-7d7c6 {"projectNumber":"542895519847","projectId":"campusbite-7d7c6","lifecycleState":"ACTIVE","name":"CampusBite","labels":{"firebase":"enabled","firebase-core":"disabled"},"createTime":"2026-04-24T08:21:07.845Z"}
[info] i  functions: preparing codebase default for deployment 
[info] i  functions: ensuring required API cloudfunctions.googleapis.com is enabled... 
[info] i  functions: ensuring required API cloudbuild.googleapis.com is enabled... 
[info] i  artifactregistry: ensuring required API artifactregistry.googleapis.com is enabled... 
[debug] [2026-06-08T02:50:01.338Z] Checked if tokens are valid: true, expires at: 1780889226631
[debug] [2026-06-08T02:50:01.341Z] Checked if tokens are valid: true, expires at: 1780889226631
[debug] [2026-06-08T02:50:01.344Z] >>> [apiv2][query] GET https://firebase.googleapis.com/v1beta1/projects/campusbite-7d7c6/adminSdkConfig [none]
[debug] [2026-06-08T02:50:02.226Z] <<< [apiv2][status] GET https://firebase.googleapis.com/v1beta1/projects/campusbite-7d7c6/adminSdkConfig 200
[debug] [2026-06-08T02:50:02.227Z] <<< [apiv2][body] GET https://firebase.googleapis.com/v1beta1/projects/campusbite-7d7c6/adminSdkConfig {"projectId":"campusbite-7d7c6","storageBucket":"campusbite-7d7c6.firebasestorage.app"}
[debug] [2026-06-08T02:50:02.233Z] Validating nodejs source
[debug] [2026-06-08T02:50:05.941Z] > [functions] package.json contents: {
  "name": "functions",
  "description": "Cloud Functions for Firebase",
  "scripts": {
    "serve": "firebase emulators:start --only functions",
    "shell": "firebase functions:shell",
    "start": "npm run shell",
    "deploy": "firebase deploy --only functions",
    "logs": "firebase functions:log"
  },
  "engines": {
    "node": "24"
  },
  "main": "index.js",
  "dependencies": {
    "firebase-admin": "^13.6.0",
    "firebase-functions": "^7.0.0"
  },
  "devDependencies": {
    "firebase-functions-test": "^3.4.1"
  },
  "private": true
}
[debug] [2026-06-08T02:50:05.943Z] Building nodejs source
[info] i  functions: Loading and analyzing source code for codebase default to determine what to deploy 
[debug] [2026-06-08T02:50:05.946Z] Could not find functions.yaml. Must use http discovery
[debug] [2026-06-08T02:50:05.977Z] Found firebase-functions binary at 'C:\CampusBite\functions\node_modules\.bin\firebase-functions'
[info] Serving at port 8592

[debug] [2026-06-08T02:50:07.809Z] Got response from /__/functions.yaml {"endpoints":{"updateOrderStatus":{"availableMemoryMb":null,"timeoutSeconds":null,"minInstances":null,"maxInstances":null,"ingressSettings":null,"concurrency":null,"serviceAccountEmail":null,"vpc":null,"platform":"gcfv2","labels":{},"callableTrigger":{},"entryPoint":"updateOrderStatus"},"sendOrderReadyNotification":{"availableMemoryMb":null,"timeoutSeconds":null,"minInstances":null,"maxInstances":null,"ingressSettings":null,"concurrency":null,"serviceAccountEmail":null,"vpc":null,"platform":"gcfv2","labels":{},"eventTrigger":{"eventType":"google.cloud.firestore.document.v1.updated","eventFilters":{"database":"(default)","namespace":"(default)"},"eventFilterPathPatterns":{"document":"orders/{orderId}"},"retry":false},"entryPoint":"sendOrderReadyNotification"}},"specVersion":"v1alpha1","requiredAPIs":[],"extensions":{}}
[info] i  extensions: ensuring required API firebaseextensions.googleapis.com is enabled... 
[debug] [2026-06-08T02:50:12.890Z] > command requires scopes: ["email","openid","https://www.googleapis.com/auth/cloudplatformprojects.readonly","https://www.googleapis.com/auth/firebase","https://www.googleapis.com/auth/cloud-platform"]
[debug] [2026-06-08T02:50:12.891Z] > authorizing via signed-in user (akhtarsamir00@gmail.com)
[debug] [2026-06-08T02:50:12.892Z] [iam] checking project campusbite-7d7c6 for permissions ["firebase.projects.get","firebaseextensions.instances.list"]
[debug] [2026-06-08T02:50:12.893Z] Checked if tokens are valid: true, expires at: 1780889226631
[debug] [2026-06-08T02:50:12.893Z] Checked if tokens are valid: true, expires at: 1780889226631
[debug] [2026-06-08T02:50:12.894Z] >>> [apiv2][query] POST https://cloudresourcemanager.googleapis.com/v1/projects/campusbite-7d7c6:testIamPermissions [none]
[debug] [2026-06-08T02:50:12.895Z] >>> [apiv2][(partial)header] POST https://cloudresourcemanager.googleapis.com/v1/projects/campusbite-7d7c6:testIamPermissions  x-goog-user-project=campusbite-7d7c6
[debug] [2026-06-08T02:50:12.895Z] >>> [apiv2][body] POST https://cloudresourcemanager.googleapis.com/v1/projects/campusbite-7d7c6:testIamPermissions {"permissions":["firebase.projects.get","firebaseextensions.instances.list"]}
[debug] [2026-06-08T02:50:15.857Z] <<< [apiv2][status] POST https://cloudresourcemanager.googleapis.com/v1/projects/campusbite-7d7c6:testIamPermissions 200
[debug] [2026-06-08T02:50:15.858Z] <<< [apiv2][body] POST https://cloudresourcemanager.googleapis.com/v1/projects/campusbite-7d7c6:testIamPermissions {"permissions":["firebase.projects.get","firebaseextensions.instances.list"]}
[debug] [2026-06-08T02:50:15.859Z] Checked if tokens are valid: true, expires at: 1780889226631
[debug] [2026-06-08T02:50:15.859Z] Checked if tokens are valid: true, expires at: 1780889226631
[debug] [2026-06-08T02:50:15.875Z] >>> [apiv2][query] GET https://firebaseextensions.googleapis.com/v1beta/projects/campusbite-7d7c6/instances pageSize=100&pageToken=
[debug] [2026-06-08T02:50:21.998Z] <<< [apiv2][status] GET https://firebaseextensions.googleapis.com/v1beta/projects/campusbite-7d7c6/instances 200
[debug] [2026-06-08T02:50:21.999Z] <<< [apiv2][body] GET https://firebaseextensions.googleapis.com/v1beta/projects/campusbite-7d7c6/instances {}
[info] i  functions: preparing functions directory for uploading... 
[info] i  functions: packaged C:\CampusBite\functions (71.35 KB) for uploading 
[debug] [2026-06-08T02:50:22.096Z] Checked if tokens are valid: true, expires at: 1780889226631
[debug] [2026-06-08T02:50:22.096Z] Checked if tokens are valid: true, expires at: 1780889226631
[debug] [2026-06-08T02:50:22.097Z] >>> [apiv2][query] GET https://cloudfunctions.googleapis.com/v1/projects/campusbite-7d7c6/locations/-/functions [none]
[debug] [2026-06-08T02:50:23.229Z] <<< [apiv2][status] GET https://cloudfunctions.googleapis.com/v1/projects/campusbite-7d7c6/locations/-/functions 200
[debug] [2026-06-08T02:50:23.230Z] <<< [apiv2][body] GET https://cloudfunctions.googleapis.com/v1/projects/campusbite-7d7c6/locations/-/functions {}
[debug] [2026-06-08T02:50:23.231Z] Checked if tokens are valid: true, expires at: 1780889226631
[debug] [2026-06-08T02:50:23.231Z] Checked if tokens are valid: true, expires at: 1780889226631
[debug] [2026-06-08T02:50:23.232Z] >>> [apiv2][query] GET https://cloudfunctions.googleapis.com/v2/projects/campusbite-7d7c6/locations/-/functions filter=environment%3D%22GEN_2%22
[debug] [2026-06-08T02:50:25.073Z] <<< [apiv2][status] GET https://cloudfunctions.googleapis.com/v2/projects/campusbite-7d7c6/locations/-/functions 200
[debug] [2026-06-08T02:50:25.074Z] <<< [apiv2][body] GET https://cloudfunctions.googleapis.com/v2/projects/campusbite-7d7c6/locations/-/functions {"functions":[{"name":"projects/campusbite-7d7c6/locations/us-central1/functions/updateOrderStatus","buildConfig":{"build":"projects/542895519847/locations/us-central1/builds/67d584e5-58e8-4ac4-993a-802c04bd51af","runtime":"nodejs24","entryPoint":"updateOrderStatus","source":{"storageSource":{"bucket":"gcf-v2-sources-542895519847-us-central1","object":"updateOrderStatus/function-source.zip","generation":"1780886772224960"}},"environmentVariables":{"GOOGLE_NODE_RUN_SCRIPTS":""},"dockerRepository":"projects/campusbite-7d7c6/locations/us-central1/repositories/gcf-artifacts","sourceProvenance":{"resolvedStorageSource":{"bucket":"gcf-v2-sources-542895519847-us-central1","object":"updateOrderStatus/function-source.zip","generation":"1780886772224960"}},"dockerRegistry":"ARTIFACT_REGISTRY","serviceAccount":"projects/campusbite-7d7c6/serviceAccounts/542895519847-compute@developer.gserviceaccount.com","automaticUpdatePolicy":{}},"state":"FAILED","updateTime":"2026-06-08T02:46:56.862324322Z","labels":{"deployment-callable":"true","firebase-functions-hash":"96ad5a3c4a728af6f8748404f106ce0e7782af79","deployment-tool":"cli-firebase"},"stateMessages":[{"severity":"ERROR","type":"CloudRunServiceNotFound","message":"Cloud Run service projects/campusbite-7d7c6/locations/us-central1/services/updateorderstatus for the function was not found. The function will not work correctly. Please redeploy."}],"environment":"GEN_2","url":"https://us-central1-campusbite-7d7c6.cloudfunctions.net/updateOrderStatus","createTime":"2026-06-08T02:46:13.653693282Z","satisfiesPzi":true}]}
[debug] [2026-06-08T02:50:25.077Z] Checked if tokens are valid: true, expires at: 1780889226631
[debug] [2026-06-08T02:50:25.077Z] Checked if tokens are valid: true, expires at: 1780889226631
[debug] [2026-06-08T02:50:25.078Z] >>> [apiv2][query] GET https://firestore.googleapis.com/v1/projects/campusbite-7d7c6/databases/(default) [none]
[debug] [2026-06-08T02:50:25.649Z] <<< [apiv2][status] GET https://firestore.googleapis.com/v1/projects/campusbite-7d7c6/databases/(default) 200
[debug] [2026-06-08T02:50:25.650Z] <<< [apiv2][body] GET https://firestore.googleapis.com/v1/projects/campusbite-7d7c6/databases/(default) {"name":"projects/campusbite-7d7c6/databases/(default)","uid":"89bde401-658f-473f-b2c8-fb6b056b5180","createTime":"2026-04-28T19:51:12.923601Z","updateTime":"2026-04-28T19:51:12.923601Z","locationId":"asia-south1","type":"FIRESTORE_NATIVE","concurrencyMode":"PESSIMISTIC","versionRetentionPeriod":"3600s","earliestVersionTime":"2026-06-08T01:50:25.920693Z","appEngineIntegrationMode":"DISABLED","keyPrefix":"j","pointInTimeRecoveryEnablement":"POINT_IN_TIME_RECOVERY_DISABLED","deleteProtectionState":"DELETE_PROTECTION_DISABLED","databaseEdition":"STANDARD","freeTier":true,"realtimeUpdatesMode":"REALTIME_UPDATES_MODE_ENABLED","etag":"IKbQwpTR9pQDMJiXiLmtkZQD"}
[info] i  functions: ensuring required API run.googleapis.com is enabled... 
[info] i  functions: ensuring required API eventarc.googleapis.com is enabled... 
[info] i  functions: ensuring required API pubsub.googleapis.com is enabled... 
[info] i  functions: ensuring required API storage.googleapis.com is enabled... 
[info] i  functions: generating the service identity for pubsub.googleapis.com... 
[debug] [2026-06-08T02:50:25.661Z] Checked if tokens are valid: true, expires at: 1780889226631
[debug] [2026-06-08T02:50:25.661Z] Checked if tokens are valid: true, expires at: 1780889226631
[info] i  functions: generating the service identity for eventarc.googleapis.com... 
[debug] [2026-06-08T02:50:25.663Z] Checked if tokens are valid: true, expires at: 1780889226631
[debug] [2026-06-08T02:50:25.664Z] Checked if tokens are valid: true, expires at: 1780889226631
[debug] [2026-06-08T02:50:25.665Z] >>> [apiv2][query] POST https://serviceusage.googleapis.com/v1beta1/projects/542895519847/services/pubsub.googleapis.com:generateServiceIdentity [none]
[debug] [2026-06-08T02:50:25.666Z] >>> [apiv2][(partial)header] POST https://serviceusage.googleapis.com/v1beta1/projects/542895519847/services/pubsub.googleapis.com:generateServiceIdentity  x-goog-user-project=542895519847
[debug] [2026-06-08T02:50:25.667Z] >>> [apiv2][body] POST https://serviceusage.googleapis.com/v1beta1/projects/542895519847/services/pubsub.googleapis.com:generateServiceIdentity {}
[debug] [2026-06-08T02:50:25.671Z] >>> [apiv2][query] POST https://serviceusage.googleapis.com/v1beta1/projects/542895519847/services/eventarc.googleapis.com:generateServiceIdentity [none]
[debug] [2026-06-08T02:50:25.672Z] >>> [apiv2][(partial)header] POST https://serviceusage.googleapis.com/v1beta1/projects/542895519847/services/eventarc.googleapis.com:generateServiceIdentity  x-goog-user-project=542895519847
[debug] [2026-06-08T02:50:25.673Z] >>> [apiv2][body] POST https://serviceusage.googleapis.com/v1beta1/projects/542895519847/services/eventarc.googleapis.com:generateServiceIdentity {}
[debug] [2026-06-08T02:50:27.797Z] <<< [apiv2][status] POST https://serviceusage.googleapis.com/v1beta1/projects/542895519847/services/pubsub.googleapis.com:generateServiceIdentity 200
[debug] [2026-06-08T02:50:27.798Z] <<< [apiv2][body] POST https://serviceusage.googleapis.com/v1beta1/projects/542895519847/services/pubsub.googleapis.com:generateServiceIdentity {"name":"operations/finished.DONE_OPERATION","done":true,"response":{"@type":"type.googleapis.com/google.api.serviceusage.v1beta1.ServiceIdentity","email":"service-542895519847@gcp-sa-pubsub.iam.gserviceaccount.com","uniqueId":"117235162989169604278"}}
[debug] [2026-06-08T02:50:27.824Z] <<< [apiv2][status] POST https://serviceusage.googleapis.com/v1beta1/projects/542895519847/services/eventarc.googleapis.com:generateServiceIdentity 200
[debug] [2026-06-08T02:50:27.824Z] <<< [apiv2][body] POST https://serviceusage.googleapis.com/v1beta1/projects/542895519847/services/eventarc.googleapis.com:generateServiceIdentity {"name":"operations/finished.DONE_OPERATION","done":true,"response":{"@type":"type.googleapis.com/google.api.serviceusage.v1beta1.ServiceIdentity","email":"service-542895519847@gcp-sa-eventarc.iam.gserviceaccount.com","uniqueId":"115959895179015469126"}}
[debug] [2026-06-08T02:50:27.829Z] Checked if tokens are valid: true, expires at: 1780889226631
[debug] [2026-06-08T02:50:27.831Z] Checked if tokens are valid: true, expires at: 1780889226631
[debug] [2026-06-08T02:50:27.834Z] >>> [apiv2][query] GET https://compute.googleapis.com/compute/v1/projects/542895519847 [none]
[debug] [2026-06-08T02:50:28.958Z] <<< [apiv2][status] GET https://compute.googleapis.com/compute/v1/projects/542895519847 403
[debug] [2026-06-08T02:50:28.959Z] <<< [apiv2][body] GET https://compute.googleapis.com/compute/v1/projects/542895519847 {"error":{"code":403,"message":"Compute Engine API has not been used in project 542895519847 before or it is disabled. Enable it by visiting https://console.developers.google.com/apis/api/compute.googleapis.com/overview?project=542895519847 then retry. If you enabled this API recently, wait a few minutes for the action to propagate to our systems and retry.","errors":[{"message":"Compute Engine API has not been used in project 542895519847 before or it is disabled. Enable it by visiting https://console.developers.google.com/apis/api/compute.googleapis.com/overview?project=542895519847 then retry. If you enabled this API recently, wait a few minutes for the action to propagate to our systems and retry.","domain":"usageLimits","reason":"accessNotConfigured","extendedHelp":"https://console.developers.google.com"}],"status":"PERMISSION_DENIED","details":[{"@type":"type.googleapis.com/google.rpc.ErrorInfo","reason":"SERVICE_DISABLED","domain":"googleapis.com","metadata":{"activationUrl":"https://console.developers.google.com/apis/api/compute.googleapis.com/overview?project=542895519847","service":"compute.googleapis.com","serviceTitle":"Compute Engine API","containerInfo":"542895519847","consumer":"projects/542895519847"}},{"@type":"type.googleapis.com/google.rpc.LocalizedMessage","locale":"en-US","message":"Compute Engine API has not been used in project 542895519847 before or it is disabled. Enable it by visiting https://console.developers.google.com/apis/api/compute.googleapis.com/overview?project=542895519847 then retry. If you enabled this API recently, wait a few minutes for the action to propagate to our systems and retry."},{"@type":"type.googleapis.com/google.rpc.Help","links":[{"description":"Google developers console API activation","url":"https://console.developers.google.com/apis/api/compute.googleapis.com/overview?project=542895519847"}]}]}}
[debug] [2026-06-08T02:50:28.960Z] unable to look up default compute service account. Falling back to 542895519847-compute@developer.gserviceaccount.com. Error: {"name":"FirebaseError","children":[],"context":{"body":{"error":{"code":403,"message":"Compute Engine API has not been used in project 542895519847 before or it is disabled. Enable it by visiting https://console.developers.google.com/apis/api/compute.googleapis.com/overview?project=542895519847 then retry. If you enabled this API recently, wait a few minutes for the action to propagate to our systems and retry.","errors":[{"message":"Compute Engine API has not been used in project 542895519847 before or it is disabled. Enable it by visiting https://console.developers.google.com/apis/api/compute.googleapis.com/overview?project=542895519847 then retry. If you enabled this API recently, wait a few minutes for the action to propagate to our systems and retry.","domain":"usageLimits","reason":"accessNotConfigured","extendedHelp":"https://console.developers.google.com"}],"status":"PERMISSION_DENIED","details":[{"@type":"type.googleapis.com/google.rpc.ErrorInfo","reason":"SERVICE_DISABLED","domain":"googleapis.com","metadata":{"activationUrl":"https://console.developers.google.com/apis/api/compute.googleapis.com/overview?project=542895519847","service":"compute.googleapis.com","serviceTitle":"Compute Engine API","containerInfo":"542895519847","consumer":"projects/542895519847"}},{"@type":"type.googleapis.com/google.rpc.LocalizedMessage","locale":"en-US","message":"Compute Engine API has not been used in project 542895519847 before or it is disabled. Enable it by visiting https://console.developers.google.com/apis/api/compute.googleapis.com/overview?project=542895519847 then retry. If you enabled this API recently, wait a few minutes for the action to propagate to our systems and retry."},{"@type":"type.googleapis.com/google.rpc.Help","links":[{"description":"Google developers console API activation","url":"https://console.developers.google.com/apis/api/compute.googleapis.com/overview?project=542895519847"}]}]}},"response":{"statusCode":403}},"exit":1,"message":"Request to https://compute.googleapis.com/compute/v1/projects/542895519847 had HTTP Error: 403, Compute Engine API has not been used in project 542895519847 before or it is disabled. Enable it by visiting https://console.developers.google.com/apis/api/compute.googleapis.com/overview?project=542895519847 then retry. If you enabled this API recently, wait a few minutes for the action to propagate to our systems and retry.","status":403}
[debug] [2026-06-08T02:50:28.962Z] Checked if tokens are valid: true, expires at: 1780889226631
[debug] [2026-06-08T02:50:28.963Z] Checked if tokens are valid: true, expires at: 1780889226631
[debug] [2026-06-08T02:50:28.963Z] >>> [apiv2][query] POST https://cloudresourcemanager.googleapis.com/v1/projects/542895519847:getIamPolicy [none]
[debug] [2026-06-08T02:50:30.888Z] <<< [apiv2][status] POST https://cloudresourcemanager.googleapis.com/v1/projects/542895519847:getIamPolicy 200
[debug] [2026-06-08T02:50:30.889Z] <<< [apiv2][body] POST https://cloudresourcemanager.googleapis.com/v1/projects/542895519847:getIamPolicy {"version":1,"etag":"BwZTtQaZ21M=","bindings":[{"role":"roles/artifactregistry.serviceAgent","members":["serviceAccount:service-542895519847@gcp-sa-artifactregistry.iam.gserviceaccount.com"]},{"role":"roles/cloudbuild.builds.builder","members":["serviceAccount:542895519847@cloudbuild.gserviceaccount.com"]},{"role":"roles/cloudbuild.serviceAgent","members":["serviceAccount:service-542895519847@gcp-sa-cloudbuild.iam.gserviceaccount.com"]},{"role":"roles/cloudfunctions.serviceAgent","members":["serviceAccount:service-542895519847@gcf-admin-robot.iam.gserviceaccount.com"]},{"role":"roles/containerregistry.ServiceAgent","members":["serviceAccount:service-542895519847@containerregistry.iam.gserviceaccount.com"]},{"role":"roles/editor","members":["serviceAccount:542895519847-compute@developer.gserviceaccount.com","serviceAccount:542895519847@cloudservices.gserviceaccount.com","serviceAccount:campusbite-7d7c6@appspot.gserviceaccount.com"]},{"role":"roles/eventarc.eventReceiver","members":["serviceAccount:542895519847-compute@developer.gserviceaccount.com"]},{"role":"roles/eventarc.serviceAgent","members":["serviceAccount:service-542895519847@gcp-sa-eventarc.iam.gserviceaccount.com"]},{"role":"roles/firebase.managementServiceAgent","members":["serviceAccount:service-542895519847@gcp-sa-firebase.iam.gserviceaccount.com"]},{"role":"roles/firebase.sdkAdminServiceAgent","members":["serviceAccount:firebase-adminsdk-fbsvc@campusbite-7d7c6.iam.gserviceaccount.com"]},{"role":"roles/firebaseauth.admin","members":["serviceAccount:firebase-adminsdk-fbsvc@campusbite-7d7c6.iam.gserviceaccount.com"]},{"role":"roles/firebasemods.serviceAgent","members":["serviceAccount:service-542895519847@gcp-sa-firebasemods.iam.gserviceaccount.com"]},{"role":"roles/firebaserules.system","members":["serviceAccount:service-542895519847@firebase-rules.iam.gserviceaccount.com"]},{"role":"roles/firestore.serviceAgent","members":["serviceAccount:service-542895519847@gcp-sa-firestore.iam.gserviceaccount.com"]},{"role":"roles/iam.serviceAccountTokenCreator","members":["serviceAccount:firebase-adminsdk-fbsvc@campusbite-7d7c6.iam.gserviceaccount.com","serviceAccount:service-542895519847@gcp-sa-pubsub.iam.gserviceaccount.com"]},{"role":"roles/owner","members":["user:akhtarsamir00@gmail.com"]},{"role":"roles/run.invoker","members":["serviceAccount:542895519847-compute@developer.gserviceaccount.com"]},{"role":"roles/run.serviceAgent","members":["serviceAccount:service-542895519847@serverless-robot-prod.iam.gserviceaccount.com"]}]}
[debug] [2026-06-08T02:50:30.893Z] Checked if tokens are valid: true, expires at: 1780889226631
[debug] [2026-06-08T02:50:30.894Z] Checked if tokens are valid: true, expires at: 1780889226631
[debug] [2026-06-08T02:50:30.894Z] >>> [apiv2][query] GET https://cloudresourcemanager.googleapis.com/v1/projects/campusbite-7d7c6 [none]
[debug] [2026-06-08T02:50:31.522Z] <<< [apiv2][status] GET https://cloudresourcemanager.googleapis.com/v1/projects/campusbite-7d7c6 200
[debug] [2026-06-08T02:50:31.523Z] <<< [apiv2][body] GET https://cloudresourcemanager.googleapis.com/v1/projects/campusbite-7d7c6 {"projectNumber":"542895519847","projectId":"campusbite-7d7c6","lifecycleState":"ACTIVE","name":"CampusBite","labels":{"firebase":"enabled","firebase-core":"disabled"},"createTime":"2026-04-24T08:21:07.845Z"}
[debug] [2026-06-08T02:50:31.523Z] Checked if tokens are valid: true, expires at: 1780889226631
[debug] [2026-06-08T02:50:31.524Z] Checked if tokens are valid: true, expires at: 1780889226631
[debug] [2026-06-08T02:50:31.524Z] >>> [apiv2][query] GET https://compute.googleapis.com/compute/v1/projects/542895519847 [none]
[debug] [2026-06-08T02:50:32.138Z] <<< [apiv2][status] GET https://compute.googleapis.com/compute/v1/projects/542895519847 403
[debug] [2026-06-08T02:50:32.140Z] <<< [apiv2][body] GET https://compute.googleapis.com/compute/v1/projects/542895519847 {"error":{"code":403,"message":"Compute Engine API has not been used in project 542895519847 before or it is disabled. Enable it by visiting https://console.developers.google.com/apis/api/compute.googleapis.com/overview?project=542895519847 then retry. If you enabled this API recently, wait a few minutes for the action to propagate to our systems and retry.","errors":[{"message":"Compute Engine API has not been used in project 542895519847 before or it is disabled. Enable it by visiting https://console.developers.google.com/apis/api/compute.googleapis.com/overview?project=542895519847 then retry. If you enabled this API recently, wait a few minutes for the action to propagate to our systems and retry.","domain":"usageLimits","reason":"accessNotConfigured","extendedHelp":"https://console.developers.google.com"}],"status":"PERMISSION_DENIED","details":[{"@type":"type.googleapis.com/google.rpc.ErrorInfo","reason":"SERVICE_DISABLED","domain":"googleapis.com","metadata":{"activationUrl":"https://console.developers.google.com/apis/api/compute.googleapis.com/overview?project=542895519847","consumer":"projects/542895519847","containerInfo":"542895519847","service":"compute.googleapis.com","serviceTitle":"Compute Engine API"}},{"@type":"type.googleapis.com/google.rpc.LocalizedMessage","locale":"en-US","message":"Compute Engine API has not been used in project 542895519847 before or it is disabled. Enable it by visiting https://console.developers.google.com/apis/api/compute.googleapis.com/overview?project=542895519847 then retry. If you enabled this API recently, wait a few minutes for the action to propagate to our systems and retry."},{"@type":"type.googleapis.com/google.rpc.Help","links":[{"description":"Google developers console API activation","url":"https://console.developers.google.com/apis/api/compute.googleapis.com/overview?project=542895519847"}]}]}}
[debug] [2026-06-08T02:50:32.141Z] unable to look up default compute service account. Falling back to 542895519847-compute@developer.gserviceaccount.com. Error: {"name":"FirebaseError","children":[],"context":{"body":{"error":{"code":403,"message":"Compute Engine API has not been used in project 542895519847 before or it is disabled. Enable it by visiting https://console.developers.google.com/apis/api/compute.googleapis.com/overview?project=542895519847 then retry. If you enabled this API recently, wait a few minutes for the action to propagate to our systems and retry.","errors":[{"message":"Compute Engine API has not been used in project 542895519847 before or it is disabled. Enable it by visiting https://console.developers.google.com/apis/api/compute.googleapis.com/overview?project=542895519847 then retry. If you enabled this API recently, wait a few minutes for the action to propagate to our systems and retry.","domain":"usageLimits","reason":"accessNotConfigured","extendedHelp":"https://console.developers.google.com"}],"status":"PERMISSION_DENIED","details":[{"@type":"type.googleapis.com/google.rpc.ErrorInfo","reason":"SERVICE_DISABLED","domain":"googleapis.com","metadata":{"activationUrl":"https://console.developers.google.com/apis/api/compute.googleapis.com/overview?project=542895519847","consumer":"projects/542895519847","containerInfo":"542895519847","service":"compute.googleapis.com","serviceTitle":"Compute Engine API"}},{"@type":"type.googleapis.com/google.rpc.LocalizedMessage","locale":"en-US","message":"Compute Engine API has not been used in project 542895519847 before or it is disabled. Enable it by visiting https://console.developers.google.com/apis/api/compute.googleapis.com/overview?project=542895519847 then retry. If you enabled this API recently, wait a few minutes for the action to propagate to our systems and retry."},{"@type":"type.googleapis.com/google.rpc.Help","links":[{"description":"Google developers console API activation","url":"https://console.developers.google.com/apis/api/compute.googleapis.com/overview?project=542895519847"}]}]}},"response":{"statusCode":403}},"exit":1,"message":"Request to https://compute.googleapis.com/compute/v1/projects/542895519847 had HTTP Error: 403, Compute Engine API has not been used in project 542895519847 before or it is disabled. Enable it by visiting https://console.developers.google.com/apis/api/compute.googleapis.com/overview?project=542895519847 then retry. If you enabled this API recently, wait a few minutes for the action to propagate to our systems and retry.","status":403}
[debug] [2026-06-08T02:50:32.143Z] Checked if tokens are valid: true, expires at: 1780889226631
[debug] [2026-06-08T02:50:32.143Z] Checked if tokens are valid: true, expires at: 1780889226631
[debug] [2026-06-08T02:50:32.144Z] >>> [apiv2][query] GET https://compute.googleapis.com/compute/v1/projects/542895519847 [none]
[debug] [2026-06-08T02:50:32.712Z] <<< [apiv2][status] GET https://compute.googleapis.com/compute/v1/projects/542895519847 403
[debug] [2026-06-08T02:50:32.712Z] <<< [apiv2][body] GET https://compute.googleapis.com/compute/v1/projects/542895519847 {"error":{"code":403,"message":"Compute Engine API has not been used in project 542895519847 before or it is disabled. Enable it by visiting https://console.developers.google.com/apis/api/compute.googleapis.com/overview?project=542895519847 then retry. If you enabled this API recently, wait a few minutes for the action to propagate to our systems and retry.","errors":[{"message":"Compute Engine API has not been used in project 542895519847 before or it is disabled. Enable it by visiting https://console.developers.google.com/apis/api/compute.googleapis.com/overview?project=542895519847 then retry. If you enabled this API recently, wait a few minutes for the action to propagate to our systems and retry.","domain":"usageLimits","reason":"accessNotConfigured","extendedHelp":"https://console.developers.google.com"}],"status":"PERMISSION_DENIED","details":[{"@type":"type.googleapis.com/google.rpc.ErrorInfo","reason":"SERVICE_DISABLED","domain":"googleapis.com","metadata":{"activationUrl":"https://console.developers.google.com/apis/api/compute.googleapis.com/overview?project=542895519847","containerInfo":"542895519847","consumer":"projects/542895519847","service":"compute.googleapis.com","serviceTitle":"Compute Engine API"}},{"@type":"type.googleapis.com/google.rpc.LocalizedMessage","locale":"en-US","message":"Compute Engine API has not been used in project 542895519847 before or it is disabled. Enable it by visiting https://console.developers.google.com/apis/api/compute.googleapis.com/overview?project=542895519847 then retry. If you enabled this API recently, wait a few minutes for the action to propagate to our systems and retry."},{"@type":"type.googleapis.com/google.rpc.Help","links":[{"description":"Google developers console API activation","url":"https://console.developers.google.com/apis/api/compute.googleapis.com/overview?project=542895519847"}]}]}}
[debug] [2026-06-08T02:50:32.713Z] unable to look up default compute service account. Falling back to 542895519847-compute@developer.gserviceaccount.com. Error: {"name":"FirebaseError","children":[],"context":{"body":{"error":{"code":403,"message":"Compute Engine API has not been used in project 542895519847 before or it is disabled. Enable it by visiting https://console.developers.google.com/apis/api/compute.googleapis.com/overview?project=542895519847 then retry. If you enabled this API recently, wait a few minutes for the action to propagate to our systems and retry.","errors":[{"message":"Compute Engine API has not been used in project 542895519847 before or it is disabled. Enable it by visiting https://console.developers.google.com/apis/api/compute.googleapis.com/overview?project=542895519847 then retry. If you enabled this API recently, wait a few minutes for the action to propagate to our systems and retry.","domain":"usageLimits","reason":"accessNotConfigured","extendedHelp":"https://console.developers.google.com"}],"status":"PERMISSION_DENIED","details":[{"@type":"type.googleapis.com/google.rpc.ErrorInfo","reason":"SERVICE_DISABLED","domain":"googleapis.com","metadata":{"activationUrl":"https://console.developers.google.com/apis/api/compute.googleapis.com/overview?project=542895519847","containerInfo":"542895519847","consumer":"projects/542895519847","service":"compute.googleapis.com","serviceTitle":"Compute Engine API"}},{"@type":"type.googleapis.com/google.rpc.LocalizedMessage","locale":"en-US","message":"Compute Engine API has not been used in project 542895519847 before or it is disabled. Enable it by visiting https://console.developers.google.com/apis/api/compute.googleapis.com/overview?project=542895519847 then retry. If you enabled this API recently, wait a few minutes for the action to propagate to our systems and retry."},{"@type":"type.googleapis.com/google.rpc.Help","links":[{"description":"Google developers console API activation","url":"https://console.developers.google.com/apis/api/compute.googleapis.com/overview?project=542895519847"}]}]}},"response":{"statusCode":403}},"exit":1,"message":"Request to https://compute.googleapis.com/compute/v1/projects/542895519847 had HTTP Error: 403, Compute Engine API has not been used in project 542895519847 before or it is disabled. Enable it by visiting https://console.developers.google.com/apis/api/compute.googleapis.com/overview?project=542895519847 then retry. If you enabled this API recently, wait a few minutes for the action to propagate to our systems and retry.","status":403}
[debug] [2026-06-08T02:50:32.714Z] Checked if tokens are valid: true, expires at: 1780889226631
[debug] [2026-06-08T02:50:32.714Z] Checked if tokens are valid: true, expires at: 1780889226631
[debug] [2026-06-08T02:50:32.715Z] >>> [apiv2][query] GET https://compute.googleapis.com/compute/v1/projects/542895519847 [none]
[debug] [2026-06-08T02:50:33.981Z] <<< [apiv2][status] GET https://compute.googleapis.com/compute/v1/projects/542895519847 403
[debug] [2026-06-08T02:50:33.982Z] <<< [apiv2][body] GET https://compute.googleapis.com/compute/v1/projects/542895519847 {"error":{"code":403,"message":"Compute Engine API has not been used in project 542895519847 before or it is disabled. Enable it by visiting https://console.developers.google.com/apis/api/compute.googleapis.com/overview?project=542895519847 then retry. If you enabled this API recently, wait a few minutes for the action to propagate to our systems and retry.","errors":[{"message":"Compute Engine API has not been used in project 542895519847 before or it is disabled. Enable it by visiting https://console.developers.google.com/apis/api/compute.googleapis.com/overview?project=542895519847 then retry. If you enabled this API recently, wait a few minutes for the action to propagate to our systems and retry.","domain":"usageLimits","reason":"accessNotConfigured","extendedHelp":"https://console.developers.google.com"}],"status":"PERMISSION_DENIED","details":[{"@type":"type.googleapis.com/google.rpc.ErrorInfo","reason":"SERVICE_DISABLED","domain":"googleapis.com","metadata":{"serviceTitle":"Compute Engine API","service":"compute.googleapis.com","activationUrl":"https://console.developers.google.com/apis/api/compute.googleapis.com/overview?project=542895519847","consumer":"projects/542895519847","containerInfo":"542895519847"}},{"@type":"type.googleapis.com/google.rpc.LocalizedMessage","locale":"en-US","message":"Compute Engine API has not been used in project 542895519847 before or it is disabled. Enable it by visiting https://console.developers.google.com/apis/api/compute.googleapis.com/overview?project=542895519847 then retry. If you enabled this API recently, wait a few minutes for the action to propagate to our systems and retry."},{"@type":"type.googleapis.com/google.rpc.Help","links":[{"description":"Google developers console API activation","url":"https://console.developers.google.com/apis/api/compute.googleapis.com/overview?project=542895519847"}]}]}}
[debug] [2026-06-08T02:50:33.982Z] unable to look up default compute service account. Falling back to 542895519847-compute@developer.gserviceaccount.com. Error: {"name":"FirebaseError","children":[],"context":{"body":{"error":{"code":403,"message":"Compute Engine API has not been used in project 542895519847 before or it is disabled. Enable it by visiting https://console.developers.google.com/apis/api/compute.googleapis.com/overview?project=542895519847 then retry. If you enabled this API recently, wait a few minutes for the action to propagate to our systems and retry.","errors":[{"message":"Compute Engine API has not been used in project 542895519847 before or it is disabled. Enable it by visiting https://console.developers.google.com/apis/api/compute.googleapis.com/overview?project=542895519847 then retry. If you enabled this API recently, wait a few minutes for the action to propagate to our systems and retry.","domain":"usageLimits","reason":"accessNotConfigured","extendedHelp":"https://console.developers.google.com"}],"status":"PERMISSION_DENIED","details":[{"@type":"type.googleapis.com/google.rpc.ErrorInfo","reason":"SERVICE_DISABLED","domain":"googleapis.com","metadata":{"serviceTitle":"Compute Engine API","service":"compute.googleapis.com","activationUrl":"https://console.developers.google.com/apis/api/compute.googleapis.com/overview?project=542895519847","consumer":"projects/542895519847","containerInfo":"542895519847"}},{"@type":"type.googleapis.com/google.rpc.LocalizedMessage","locale":"en-US","message":"Compute Engine API has not been used in project 542895519847 before or it is disabled. Enable it by visiting https://console.developers.google.com/apis/api/compute.googleapis.com/overview?project=542895519847 then retry. If you enabled this API recently, wait a few minutes for the action to propagate to our systems and retry."},{"@type":"type.googleapis.com/google.rpc.Help","links":[{"description":"Google developers console API activation","url":"https://console.developers.google.com/apis/api/compute.googleapis.com/overview?project=542895519847"}]}]}},"response":{"statusCode":403}},"exit":1,"message":"Request to https://compute.googleapis.com/compute/v1/projects/542895519847 had HTTP Error: 403, Compute Engine API has not been used in project 542895519847 before or it is disabled. Enable it by visiting https://console.developers.google.com/apis/api/compute.googleapis.com/overview?project=542895519847 then retry. If you enabled this API recently, wait a few minutes for the action to propagate to our systems and retry.","status":403}
[debug] [2026-06-08T02:50:33.987Z] Checked if tokens are valid: true, expires at: 1780889226631
[debug] [2026-06-08T02:50:33.988Z] Checked if tokens are valid: true, expires at: 1780889226631
[debug] [2026-06-08T02:50:33.990Z] >>> [apiv2][query] GET https://cloudbilling.googleapis.com/v1/projects/campusbite-7d7c6/billingInfo [none]
[debug] [2026-06-08T02:50:36.130Z] <<< [apiv2][status] GET https://cloudbilling.googleapis.com/v1/projects/campusbite-7d7c6/billingInfo 200
[debug] [2026-06-08T02:50:36.131Z] <<< [apiv2][body] GET https://cloudbilling.googleapis.com/v1/projects/campusbite-7d7c6/billingInfo {"name":"projects/campusbite-7d7c6/billingInfo","projectId":"campusbite-7d7c6","billingAccountName":"billingAccounts/01F389-B9FF74-AEDB6D","billingEnabled":true}
[debug] [2026-06-08T02:50:36.134Z] Checked if tokens are valid: true, expires at: 1780889226631
[debug] [2026-06-08T02:50:36.134Z] Checked if tokens are valid: true, expires at: 1780889226631
[debug] [2026-06-08T02:50:36.135Z] >>> [apiv2][query] POST https://cloudfunctions.googleapis.com/v2/projects/campusbite-7d7c6/locations/us-central1/functions:generateUploadUrl [none]
[debug] [2026-06-08T02:50:38.178Z] <<< [apiv2][status] POST https://cloudfunctions.googleapis.com/v2/projects/campusbite-7d7c6/locations/us-central1/functions:generateUploadUrl 200
[debug] [2026-06-08T02:50:38.179Z] <<< [apiv2][body] POST https://cloudfunctions.googleapis.com/v2/projects/campusbite-7d7c6/locations/us-central1/functions:generateUploadUrl {"uploadUrl":"https://storage.googleapis.com/gcf-v2-uploads-542895519847.us-central1.cloudfunctions.appspot.com/7ad3c225-e9f5-407f-b1cb-df6ed3670512.zip?GoogleAccessId=service-542895519847@gcf-admin-robot.iam.gserviceaccount.com&Expires=1780888838&Signature=G3YevZtb7IfHoM6yGxFcRQJOAYLKdir3LJWdbKziCczqH32fuLh%2BR6QL5V6twb2zwesVgqSAJMbOtZX0o5XjCCG04JgDAPatjpCIiQyyBusDRuIFe8ienEL7enTUfyg%2BwUpkZiJgWA3K3wCcffZ4qyPn9lEUzwH272wRomejLOTZ2wPa2YQhS11x5UFRH3qVxItoB0YFKweFhPXDExJUX95MCIKxvdxLfbCANnKy0ShWJbiQxo1rgA3HEhZyukwd6LcwZclIF9%2Fj2DNBaBmMLWZf0HQd%2FzjuwY%2F2hgazDc0f244oO9SWkgaJ%2Bapi80ctNKrjPSPKC7QgGU%2FJZxalmg%3D%3D","storageSource":{"bucket":"gcf-v2-uploads-542895519847.us-central1.cloudfunctions.appspot.com","object":"7ad3c225-e9f5-407f-b1cb-df6ed3670512.zip"}}
[debug] [2026-06-08T02:50:38.182Z] >>> [apiv2][query] PUT https://storage.googleapis.com/gcf-v2-uploads-542895519847.us-central1.cloudfunctions.appspot.com/7ad3c225-e9f5-407f-b1cb-df6ed3670512.zip GoogleAccessId=service-542895519847%40gcf-admin-robot.iam.gserviceaccount.com&Expires=1780888838&Signature=G3YevZtb7IfHoM6yGxFcRQJOAYLKdir3LJWdbKziCczqH32fuLh%2BR6QL5V6twb2zwesVgqSAJMbOtZX0o5XjCCG04JgDAPatjpCIiQyyBusDRuIFe8ienEL7enTUfyg%2BwUpkZiJgWA3K3wCcffZ4qyPn9lEUzwH272wRomejLOTZ2wPa2YQhS11x5UFRH3qVxItoB0YFKweFhPXDExJUX95MCIKxvdxLfbCANnKy0ShWJbiQxo1rgA3HEhZyukwd6LcwZclIF9%2Fj2DNBaBmMLWZf0HQd%2FzjuwY%2F2hgazDc0f244oO9SWkgaJ%2Bapi80ctNKrjPSPKC7QgGU%2FJZxalmg%3D%3D
[debug] [2026-06-08T02:50:38.183Z] >>> [apiv2][body] PUT https://storage.googleapis.com/gcf-v2-uploads-542895519847.us-central1.cloudfunctions.appspot.com/7ad3c225-e9f5-407f-b1cb-df6ed3670512.zip [stream]
[debug] [2026-06-08T02:50:41.269Z] <<< [apiv2][status] PUT https://storage.googleapis.com/gcf-v2-uploads-542895519847.us-central1.cloudfunctions.appspot.com/7ad3c225-e9f5-407f-b1cb-df6ed3670512.zip 200
[debug] [2026-06-08T02:50:41.271Z] <<< [apiv2][body] PUT https://storage.googleapis.com/gcf-v2-uploads-542895519847.us-central1.cloudfunctions.appspot.com/7ad3c225-e9f5-407f-b1cb-df6ed3670512.zip [omitted]
[info] +  functions: functions source uploaded successfully 
[info] i  functions: creating Node.js 24 (2nd Gen) function sendOrderReadyNotification(us-central1)... 
[info] i  functions: updating Node.js 24 (2nd Gen) function updateOrderStatus(us-central1)... 
[debug] [2026-06-08T02:50:41.286Z] Checked if tokens are valid: true, expires at: 1780889226631
[debug] [2026-06-08T02:50:41.287Z] Checked if tokens are valid: true, expires at: 1780889226631
[debug] [2026-06-08T02:50:41.288Z] >>> [apiv2][query] POST https://cloudfunctions.googleapis.com/v2/projects/campusbite-7d7c6/locations/us-central1/functions functionId=sendOrderReadyNotification
[debug] [2026-06-08T02:50:41.289Z] >>> [apiv2][body] POST https://cloudfunctions.googleapis.com/v2/projects/campusbite-7d7c6/locations/us-central1/functions {"name":"projects/campusbite-7d7c6/locations/us-central1/functions/sendOrderReadyNotification","buildConfig":{"runtime":"nodejs24","entryPoint":"sendOrderReadyNotification","source":{"storageSource":{"bucket":"gcf-v2-uploads-542895519847.us-central1.cloudfunctions.appspot.com","object":"7ad3c225-e9f5-407f-b1cb-df6ed3670512.zip"}},"environmentVariables":{"GOOGLE_NODE_RUN_SCRIPTS":""}},"serviceConfig":{"environmentVariables":{"FIREBASE_CONFIG":"{\"projectId\":\"campusbite-7d7c6\",\"storageBucket\":\"campusbite-7d7c6.firebasestorage.app\"}","GCLOUD_PROJECT":"campusbite-7d7c6","EVENTARC_CLOUD_EVENT_SOURCE":"projects/campusbite-7d7c6/locations/us-central1/services/sendOrderReadyNotification","FUNCTION_SIGNATURE_TYPE":"cloudevent","FUNCTION_TARGET":"sendOrderReadyNotification","LOG_EXECUTION_ID":"true"},"ingressSettings":null,"timeoutSeconds":null,"serviceAccountEmail":null,"availableMemory":"256Mi","minInstanceCount":null,"maxInstanceCount":null,"maxInstanceRequestConcurrency":80,"availableCpu":"1","vpcConnector":null,"vpcConnectorEgressSettings":null,"directVpcNetworkInterface":null,"directVpcEgress":null},"labels":{"deployment-tool":"cli-firebase","firebase-functions-hash":"96ad5a3c4a728af6f8748404f106ce0e7782af79"},"eventTrigger":{"eventType":"google.cloud.firestore.document.v1.updated","retryPolicy":"RETRY_POLICY_DO_NOT_RETRY","eventFilters":[{"attribute":"database","value":"(default)"},{"attribute":"namespace","value":"(default)"},{"attribute":"document","value":"orders/{orderId}","operator":"match-path-pattern"}],"triggerRegion":"asia-south1"}}
[debug] [2026-06-08T02:50:44.479Z] <<< [apiv2][status] POST https://cloudfunctions.googleapis.com/v2/projects/campusbite-7d7c6/locations/us-central1/functions 200
[debug] [2026-06-08T02:50:44.479Z] <<< [apiv2][body] POST https://cloudfunctions.googleapis.com/v2/projects/campusbite-7d7c6/locations/us-central1/functions {"name":"projects/campusbite-7d7c6/locations/us-central1/operations/operation-1780887043075-653b513966bd8-36c76c5b-fa21c7e6","metadata":{"@type":"type.googleapis.com/google.cloud.functions.v2.OperationMetadata","createTime":"2026-06-08T02:50:44.592531015Z","target":"projects/campusbite-7d7c6/locations/us-central1/functions/sendOrderReadyNotification","verb":"create","cancelRequested":false,"apiVersion":"v2"},"done":false}
[debug] [2026-06-08T02:50:44.480Z] Checked if tokens are valid: true, expires at: 1780889226631
[debug] [2026-06-08T02:50:44.481Z] Checked if tokens are valid: true, expires at: 1780889226631
[debug] [2026-06-08T02:50:44.482Z] >>> [apiv2][query] GET https://cloudfunctions.googleapis.com/v2/projects/campusbite-7d7c6/locations/us-central1/operations/operation-1780887043075-653b513966bd8-36c76c5b-fa21c7e6 [none]
[debug] [2026-06-08T02:50:46.063Z] <<< [apiv2][status] GET https://cloudfunctions.googleapis.com/v2/projects/campusbite-7d7c6/locations/us-central1/operations/operation-1780887043075-653b513966bd8-36c76c5b-fa21c7e6 200
[debug] [2026-06-08T02:50:46.064Z] <<< [apiv2][body] GET https://cloudfunctions.googleapis.com/v2/projects/campusbite-7d7c6/locations/us-central1/operations/operation-1780887043075-653b513966bd8-36c76c5b-fa21c7e6 {"name":"projects/campusbite-7d7c6/locations/us-central1/operations/operation-1780887043075-653b513966bd8-36c76c5b-fa21c7e6","metadata":{"@type":"type.googleapis.com/google.cloud.functions.v2.OperationMetadata","createTime":"2026-06-08T02:50:44.592531015Z","target":"projects/campusbite-7d7c6/locations/us-central1/functions/sendOrderReadyNotification","verb":"create","cancelRequested":false,"apiVersion":"v2","requestResource":{"@type":"type.googleapis.com/google.cloud.functions.v2.Function","name":"projects/campusbite-7d7c6/locations/us-central1/functions/sendOrderReadyNotification","buildConfig":{"runtime":"nodejs24","entryPoint":"sendOrderReadyNotification","source":{"storageSource":{"bucket":"gcf-v2-sources-542895519847-us-central1","object":"sendOrderReadyNotification/function-source.zip","generation":"1780887043326888"}},"environmentVariables":{"GOOGLE_NODE_RUN_SCRIPTS":""},"serviceAccount":"projects/campusbite-7d7c6/serviceAccounts/542895519847-compute@developer.gserviceaccount.com","automaticUpdatePolicy":{}},"serviceConfig":{"service":"projects/campusbite-7d7c6/locations/us-central1/services/sendorderreadynotification","timeoutSeconds":60,"environmentVariables":{"FIREBASE_CONFIG":"{\"projectId\":\"campusbite-7d7c6\",\"storageBucket\":\"campusbite-7d7c6.firebasestorage.app\"}","GCLOUD_PROJECT":"campusbite-7d7c6","EVENTARC_CLOUD_EVENT_SOURCE":"projects/campusbite-7d7c6/locations/us-central1/services/sendOrderReadyNotification","FUNCTION_SIGNATURE_TYPE":"cloudevent","FUNCTION_TARGET":"sendOrderReadyNotification","LOG_EXECUTION_ID":"true"},"ingressSettings":"ALLOW_ALL","serviceAccountEmail":"542895519847-compute@developer.gserviceaccount.com","availableMemory":"256Mi","maxInstanceRequestConcurrency":80,"availableCpu":"1"},"eventTrigger":{"trigger":"projects/campusbite-7d7c6/locations/asia-south1/triggers/sendorderreadynotification-007485","triggerRegion":"asia-south1","eventType":"google.cloud.firestore.document.v1.updated","eventFilters":[{"attribute":"database","value":"(default)"},{"attribute":"namespace","value":"(default)"},{"attribute":"document","value":"orders/{orderId}","operator":"match-path-pattern"}],"serviceAccountEmail":"542895519847-compute@developer.gserviceaccount.com","retryPolicy":"RETRY_POLICY_DO_NOT_RETRY"},"labels":{"deployment-tool":"cli-firebase","firebase-functions-hash":"96ad5a3c4a728af6f8748404f106ce0e7782af79"},"environment":"GEN_2"},"stages":[{"name":"BUILD","message":"Build in progress","state":"IN_PROGRESS","resource":"projects/542895519847/locations/us-central1/builds/3c6057a2-6d39-40f7-93ae-7a1524d4a3e5","resourceUri":"https://console.cloud.google.com/cloud-build/builds;region=us-central1/3c6057a2-6d39-40f7-93ae-7a1524d4a3e5?project=542895519847"},{"name":"SERVICE","state":"NOT_STARTED"},{"name":"TRIGGER","state":"NOT_STARTED"}],"operationType":"CREATE_FUNCTION","buildName":"projects/542895519847/locations/us-central1/builds/3c6057a2-6d39-40f7-93ae-7a1524d4a3e5"},"done":false}
[debug] [2026-06-08T02:50:46.571Z] [create-default-us-central1-sendOrderReadyNotification] Retrying task index 0
[debug] [2026-06-08T02:50:46.572Z] Checked if tokens are valid: true, expires at: 1780889226631
[debug] [2026-06-08T02:50:46.572Z] Checked if tokens are valid: true, expires at: 1780889226631
[debug] [2026-06-08T02:50:46.573Z] >>> [apiv2][query] GET https://cloudfunctions.googleapis.com/v2/projects/campusbite-7d7c6/locations/us-central1/operations/operation-1780887043075-653b513966bd8-36c76c5b-fa21c7e6 [none]
[debug] [2026-06-08T02:50:48.213Z] <<< [apiv2][status] GET https://cloudfunctions.googleapis.com/v2/projects/campusbite-7d7c6/locations/us-central1/operations/operation-1780887043075-653b513966bd8-36c76c5b-fa21c7e6 200
[debug] [2026-06-08T02:50:48.214Z] <<< [apiv2][body] GET https://cloudfunctions.googleapis.com/v2/projects/campusbite-7d7c6/locations/us-central1/operations/operation-1780887043075-653b513966bd8-36c76c5b-fa21c7e6 {"name":"projects/campusbite-7d7c6/locations/us-central1/operations/operation-1780887043075-653b513966bd8-36c76c5b-fa21c7e6","metadata":{"@type":"type.googleapis.com/google.cloud.functions.v2.OperationMetadata","createTime":"2026-06-08T02:50:44.592531015Z","target":"projects/campusbite-7d7c6/locations/us-central1/functions/sendOrderReadyNotification","verb":"create","cancelRequested":false,"apiVersion":"v2","requestResource":{"@type":"type.googleapis.com/google.cloud.functions.v2.Function","name":"projects/campusbite-7d7c6/locations/us-central1/functions/sendOrderReadyNotification","buildConfig":{"runtime":"nodejs24","entryPoint":"sendOrderReadyNotification","source":{"storageSource":{"bucket":"gcf-v2-sources-542895519847-us-central1","object":"sendOrderReadyNotification/function-source.zip","generation":"1780887043326888"}},"environmentVariables":{"GOOGLE_NODE_RUN_SCRIPTS":""},"serviceAccount":"projects/campusbite-7d7c6/serviceAccounts/542895519847-compute@developer.gserviceaccount.com","automaticUpdatePolicy":{}},"serviceConfig":{"service":"projects/campusbite-7d7c6/locations/us-central1/services/sendorderreadynotification","timeoutSeconds":60,"environmentVariables":{"FIREBASE_CONFIG":"{\"projectId\":\"campusbite-7d7c6\",\"storageBucket\":\"campusbite-7d7c6.firebasestorage.app\"}","GCLOUD_PROJECT":"campusbite-7d7c6","EVENTARC_CLOUD_EVENT_SOURCE":"projects/campusbite-7d7c6/locations/us-central1/services/sendOrderReadyNotification","FUNCTION_SIGNATURE_TYPE":"cloudevent","FUNCTION_TARGET":"sendOrderReadyNotification","LOG_EXECUTION_ID":"true"},"ingressSettings":"ALLOW_ALL","serviceAccountEmail":"542895519847-compute@developer.gserviceaccount.com","availableMemory":"256Mi","maxInstanceRequestConcurrency":80,"availableCpu":"1"},"eventTrigger":{"trigger":"projects/campusbite-7d7c6/locations/asia-south1/triggers/sendorderreadynotification-007485","triggerRegion":"asia-south1","eventType":"google.cloud.firestore.document.v1.updated","eventFilters":[{"attribute":"database","value":"(default)"},{"attribute":"namespace","value":"(default)"},{"attribute":"document","value":"orders/{orderId}","operator":"match-path-pattern"}],"serviceAccountEmail":"542895519847-compute@developer.gserviceaccount.com","retryPolicy":"RETRY_POLICY_DO_NOT_RETRY"},"labels":{"deployment-tool":"cli-firebase","firebase-functions-hash":"96ad5a3c4a728af6f8748404f106ce0e7782af79"},"environment":"GEN_2"},"stages":[{"name":"BUILD","message":"Build in progress","state":"IN_PROGRESS","resource":"projects/542895519847/locations/us-central1/builds/3c6057a2-6d39-40f7-93ae-7a1524d4a3e5","resourceUri":"https://console.cloud.google.com/cloud-build/builds;region=us-central1/3c6057a2-6d39-40f7-93ae-7a1524d4a3e5?project=542895519847"},{"name":"SERVICE","state":"NOT_STARTED"},{"name":"TRIGGER","state":"NOT_STARTED"}],"operationType":"CREATE_FUNCTION","buildName":"projects/542895519847/locations/us-central1/builds/3c6057a2-6d39-40f7-93ae-7a1524d4a3e5"},"done":false}
[debug] [2026-06-08T02:50:49.220Z] [create-default-us-central1-sendOrderReadyNotification] Retrying task index 0
[debug] [2026-06-08T02:50:49.221Z] Checked if tokens are valid: true, expires at: 1780889226631
[debug] [2026-06-08T02:50:49.221Z] Checked if tokens are valid: true, expires at: 1780889226631
[debug] [2026-06-08T02:50:49.222Z] >>> [apiv2][query] GET https://cloudfunctions.googleapis.com/v2/projects/campusbite-7d7c6/locations/us-central1/operations/operation-1780887043075-653b513966bd8-36c76c5b-fa21c7e6 [none]
[debug] [2026-06-08T02:50:50.751Z] <<< [apiv2][status] GET https://cloudfunctions.googleapis.com/v2/projects/campusbite-7d7c6/locations/us-central1/operations/operation-1780887043075-653b513966bd8-36c76c5b-fa21c7e6 200
[debug] [2026-06-08T02:50:50.752Z] <<< [apiv2][body] GET https://cloudfunctions.googleapis.com/v2/projects/campusbite-7d7c6/locations/us-central1/operations/operation-1780887043075-653b513966bd8-36c76c5b-fa21c7e6 {"name":"projects/campusbite-7d7c6/locations/us-central1/operations/operation-1780887043075-653b513966bd8-36c76c5b-fa21c7e6","metadata":{"@type":"type.googleapis.com/google.cloud.functions.v2.OperationMetadata","createTime":"2026-06-08T02:50:44.592531015Z","target":"projects/campusbite-7d7c6/locations/us-central1/functions/sendOrderReadyNotification","verb":"create","cancelRequested":false,"apiVersion":"v2","requestResource":{"@type":"type.googleapis.com/google.cloud.functions.v2.Function","name":"projects/campusbite-7d7c6/locations/us-central1/functions/sendOrderReadyNotification","buildConfig":{"runtime":"nodejs24","entryPoint":"sendOrderReadyNotification","source":{"storageSource":{"bucket":"gcf-v2-sources-542895519847-us-central1","object":"sendOrderReadyNotification/function-source.zip","generation":"1780887043326888"}},"environmentVariables":{"GOOGLE_NODE_RUN_SCRIPTS":""},"serviceAccount":"projects/campusbite-7d7c6/serviceAccounts/542895519847-compute@developer.gserviceaccount.com","automaticUpdatePolicy":{}},"serviceConfig":{"service":"projects/campusbite-7d7c6/locations/us-central1/services/sendorderreadynotification","timeoutSeconds":60,"environmentVariables":{"FIREBASE_CONFIG":"{\"projectId\":\"campusbite-7d7c6\",\"storageBucket\":\"campusbite-7d7c6.firebasestorage.app\"}","GCLOUD_PROJECT":"campusbite-7d7c6","EVENTARC_CLOUD_EVENT_SOURCE":"projects/campusbite-7d7c6/locations/us-central1/services/sendOrderReadyNotification","FUNCTION_SIGNATURE_TYPE":"cloudevent","FUNCTION_TARGET":"sendOrderReadyNotification","LOG_EXECUTION_ID":"true"},"ingressSettings":"ALLOW_ALL","serviceAccountEmail":"542895519847-compute@developer.gserviceaccount.com","availableMemory":"256Mi","maxInstanceRequestConcurrency":80,"availableCpu":"1"},"eventTrigger":{"trigger":"projects/campusbite-7d7c6/locations/asia-south1/triggers/sendorderreadynotification-007485","triggerRegion":"asia-south1","eventType":"google.cloud.firestore.document.v1.updated","eventFilters":[{"attribute":"database","value":"(default)"},{"attribute":"namespace","value":"(default)"},{"attribute":"document","value":"orders/{orderId}","operator":"match-path-pattern"}],"serviceAccountEmail":"542895519847-compute@developer.gserviceaccount.com","retryPolicy":"RETRY_POLICY_DO_NOT_RETRY"},"labels":{"deployment-tool":"cli-firebase","firebase-functions-hash":"96ad5a3c4a728af6f8748404f106ce0e7782af79"},"environment":"GEN_2"},"stages":[{"name":"BUILD","message":"Build in progress","state":"IN_PROGRESS","resource":"projects/542895519847/locations/us-central1/builds/3c6057a2-6d39-40f7-93ae-7a1524d4a3e5","resourceUri":"https://console.cloud.google.com/cloud-build/builds;region=us-central1/3c6057a2-6d39-40f7-93ae-7a1524d4a3e5?project=542895519847"},{"name":"SERVICE","state":"NOT_STARTED"},{"name":"TRIGGER","state":"NOT_STARTED"}],"operationType":"CREATE_FUNCTION","buildName":"projects/542895519847/locations/us-central1/builds/3c6057a2-6d39-40f7-93ae-7a1524d4a3e5"},"done":false}
[debug] [2026-06-08T02:50:52.773Z] [create-default-us-central1-sendOrderReadyNotification] Retrying task index 0
[debug] [2026-06-08T02:50:52.774Z] Checked if tokens are valid: true, expires at: 1780889226631
[debug] [2026-06-08T02:50:52.775Z] Checked if tokens are valid: true, expires at: 1780889226631
[debug] [2026-06-08T02:50:52.776Z] >>> [apiv2][query] GET https://cloudfunctions.googleapis.com/v2/projects/campusbite-7d7c6/locations/us-central1/operations/operation-1780887043075-653b513966bd8-36c76c5b-fa21c7e6 [none]
[debug] [2026-06-08T02:50:54.359Z] <<< [apiv2][status] GET https://cloudfunctions.googleapis.com/v2/projects/campusbite-7d7c6/locations/us-central1/operations/operation-1780887043075-653b513966bd8-36c76c5b-fa21c7e6 200
[debug] [2026-06-08T02:50:54.360Z] <<< [apiv2][body] GET https://cloudfunctions.googleapis.com/v2/projects/campusbite-7d7c6/locations/us-central1/operations/operation-1780887043075-653b513966bd8-36c76c5b-fa21c7e6 {"name":"projects/campusbite-7d7c6/locations/us-central1/operations/operation-1780887043075-653b513966bd8-36c76c5b-fa21c7e6","metadata":{"@type":"type.googleapis.com/google.cloud.functions.v2.OperationMetadata","createTime":"2026-06-08T02:50:44.592531015Z","target":"projects/campusbite-7d7c6/locations/us-central1/functions/sendOrderReadyNotification","verb":"create","cancelRequested":false,"apiVersion":"v2","requestResource":{"@type":"type.googleapis.com/google.cloud.functions.v2.Function","name":"projects/campusbite-7d7c6/locations/us-central1/functions/sendOrderReadyNotification","buildConfig":{"runtime":"nodejs24","entryPoint":"sendOrderReadyNotification","source":{"storageSource":{"bucket":"gcf-v2-sources-542895519847-us-central1","object":"sendOrderReadyNotification/function-source.zip","generation":"1780887043326888"}},"environmentVariables":{"GOOGLE_NODE_RUN_SCRIPTS":""},"serviceAccount":"projects/campusbite-7d7c6/serviceAccounts/542895519847-compute@developer.gserviceaccount.com","automaticUpdatePolicy":{}},"serviceConfig":{"service":"projects/campusbite-7d7c6/locations/us-central1/services/sendorderreadynotification","timeoutSeconds":60,"environmentVariables":{"FIREBASE_CONFIG":"{\"projectId\":\"campusbite-7d7c6\",\"storageBucket\":\"campusbite-7d7c6.firebasestorage.app\"}","GCLOUD_PROJECT":"campusbite-7d7c6","EVENTARC_CLOUD_EVENT_SOURCE":"projects/campusbite-7d7c6/locations/us-central1/services/sendOrderReadyNotification","FUNCTION_SIGNATURE_TYPE":"cloudevent","FUNCTION_TARGET":"sendOrderReadyNotification","LOG_EXECUTION_ID":"true"},"ingressSettings":"ALLOW_ALL","serviceAccountEmail":"542895519847-compute@developer.gserviceaccount.com","availableMemory":"256Mi","maxInstanceRequestConcurrency":80,"availableCpu":"1"},"eventTrigger":{"trigger":"projects/campusbite-7d7c6/locations/asia-south1/triggers/sendorderreadynotification-007485","triggerRegion":"asia-south1","eventType":"google.cloud.firestore.document.v1.updated","eventFilters":[{"attribute":"database","value":"(default)"},{"attribute":"namespace","value":"(default)"},{"attribute":"document","value":"orders/{orderId}","operator":"match-path-pattern"}],"serviceAccountEmail":"542895519847-compute@developer.gserviceaccount.com","retryPolicy":"RETRY_POLICY_DO_NOT_RETRY"},"labels":{"deployment-tool":"cli-firebase","firebase-functions-hash":"96ad5a3c4a728af6f8748404f106ce0e7782af79"},"environment":"GEN_2"},"stages":[{"name":"BUILD","message":"Build in progress","state":"IN_PROGRESS","resource":"projects/542895519847/locations/us-central1/builds/3c6057a2-6d39-40f7-93ae-7a1524d4a3e5","resourceUri":"https://console.cloud.google.com/cloud-build/builds;region=us-central1/3c6057a2-6d39-40f7-93ae-7a1524d4a3e5?project=542895519847"},{"name":"SERVICE","state":"NOT_STARTED"},{"name":"TRIGGER","state":"NOT_STARTED"}],"operationType":"CREATE_FUNCTION","buildName":"projects/542895519847/locations/us-central1/builds/3c6057a2-6d39-40f7-93ae-7a1524d4a3e5"},"done":false}
[debug] [2026-06-08T02:50:58.365Z] [create-default-us-central1-sendOrderReadyNotification] Retrying task index 0
[debug] [2026-06-08T02:50:58.366Z] Checked if tokens are valid: true, expires at: 1780889226631
[debug] [2026-06-08T02:50:58.366Z] Checked if tokens are valid: true, expires at: 1780889226631
[debug] [2026-06-08T02:50:58.367Z] >>> [apiv2][query] GET https://cloudfunctions.googleapis.com/v2/projects/campusbite-7d7c6/locations/us-central1/operations/operation-1780887043075-653b513966bd8-36c76c5b-fa21c7e6 [none]
[debug] [2026-06-08T02:50:59.992Z] <<< [apiv2][status] GET https://cloudfunctions.googleapis.com/v2/projects/campusbite-7d7c6/locations/us-central1/operations/operation-1780887043075-653b513966bd8-36c76c5b-fa21c7e6 200
[debug] [2026-06-08T02:50:59.993Z] <<< [apiv2][body] GET https://cloudfunctions.googleapis.com/v2/projects/campusbite-7d7c6/locations/us-central1/operations/operation-1780887043075-653b513966bd8-36c76c5b-fa21c7e6 {"name":"projects/campusbite-7d7c6/locations/us-central1/operations/operation-1780887043075-653b513966bd8-36c76c5b-fa21c7e6","metadata":{"@type":"type.googleapis.com/google.cloud.functions.v2.OperationMetadata","createTime":"2026-06-08T02:50:44.592531015Z","target":"projects/campusbite-7d7c6/locations/us-central1/functions/sendOrderReadyNotification","verb":"create","cancelRequested":false,"apiVersion":"v2","requestResource":{"@type":"type.googleapis.com/google.cloud.functions.v2.Function","name":"projects/campusbite-7d7c6/locations/us-central1/functions/sendOrderReadyNotification","buildConfig":{"runtime":"nodejs24","entryPoint":"sendOrderReadyNotification","source":{"storageSource":{"bucket":"gcf-v2-sources-542895519847-us-central1","object":"sendOrderReadyNotification/function-source.zip","generation":"1780887043326888"}},"environmentVariables":{"GOOGLE_NODE_RUN_SCRIPTS":""},"serviceAccount":"projects/campusbite-7d7c6/serviceAccounts/542895519847-compute@developer.gserviceaccount.com","automaticUpdatePolicy":{}},"serviceConfig":{"service":"projects/campusbite-7d7c6/locations/us-central1/services/sendorderreadynotification","timeoutSeconds":60,"environmentVariables":{"FIREBASE_CONFIG":"{\"projectId\":\"campusbite-7d7c6\",\"storageBucket\":\"campusbite-7d7c6.firebasestorage.app\"}","GCLOUD_PROJECT":"campusbite-7d7c6","EVENTARC_CLOUD_EVENT_SOURCE":"projects/campusbite-7d7c6/locations/us-central1/services/sendOrderReadyNotification","FUNCTION_SIGNATURE_TYPE":"cloudevent","FUNCTION_TARGET":"sendOrderReadyNotification","LOG_EXECUTION_ID":"true"},"ingressSettings":"ALLOW_ALL","serviceAccountEmail":"542895519847-compute@developer.gserviceaccount.com","availableMemory":"256Mi","maxInstanceRequestConcurrency":80,"availableCpu":"1"},"eventTrigger":{"trigger":"projects/campusbite-7d7c6/locations/asia-south1/triggers/sendorderreadynotification-007485","triggerRegion":"asia-south1","eventType":"google.cloud.firestore.document.v1.updated","eventFilters":[{"attribute":"database","value":"(default)"},{"attribute":"namespace","value":"(default)"},{"attribute":"document","value":"orders/{orderId}","operator":"match-path-pattern"}],"serviceAccountEmail":"542895519847-compute@developer.gserviceaccount.com","retryPolicy":"RETRY_POLICY_DO_NOT_RETRY"},"labels":{"deployment-tool":"cli-firebase","firebase-functions-hash":"96ad5a3c4a728af6f8748404f106ce0e7782af79"},"environment":"GEN_2"},"stages":[{"name":"BUILD","message":"Build in progress","state":"IN_PROGRESS","resource":"projects/542895519847/locations/us-central1/builds/3c6057a2-6d39-40f7-93ae-7a1524d4a3e5","resourceUri":"https://console.cloud.google.com/cloud-build/builds;region=us-central1/3c6057a2-6d39-40f7-93ae-7a1524d4a3e5?project=542895519847"},{"name":"SERVICE","state":"NOT_STARTED"},{"name":"TRIGGER","state":"NOT_STARTED"}],"operationType":"CREATE_FUNCTION","buildName":"projects/542895519847/locations/us-central1/builds/3c6057a2-6d39-40f7-93ae-7a1524d4a3e5"},"done":false}
[debug] [2026-06-08T02:51:08.006Z] [create-default-us-central1-sendOrderReadyNotification] Retrying task index 0
[debug] [2026-06-08T02:51:08.007Z] Checked if tokens are valid: true, expires at: 1780889226631
[debug] [2026-06-08T02:51:08.008Z] Checked if tokens are valid: true, expires at: 1780889226631
[debug] [2026-06-08T02:51:08.008Z] >>> [apiv2][query] GET https://cloudfunctions.googleapis.com/v2/projects/campusbite-7d7c6/locations/us-central1/operations/operation-1780887043075-653b513966bd8-36c76c5b-fa21c7e6 [none]
[debug] [2026-06-08T02:51:10.333Z] <<< [apiv2][status] GET https://cloudfunctions.googleapis.com/v2/projects/campusbite-7d7c6/locations/us-central1/operations/operation-1780887043075-653b513966bd8-36c76c5b-fa21c7e6 200
[debug] [2026-06-08T02:51:10.333Z] <<< [apiv2][body] GET https://cloudfunctions.googleapis.com/v2/projects/campusbite-7d7c6/locations/us-central1/operations/operation-1780887043075-653b513966bd8-36c76c5b-fa21c7e6 {"name":"projects/campusbite-7d7c6/locations/us-central1/operations/operation-1780887043075-653b513966bd8-36c76c5b-fa21c7e6","metadata":{"@type":"type.googleapis.com/google.cloud.functions.v2.OperationMetadata","createTime":"2026-06-08T02:50:44.592531015Z","target":"projects/campusbite-7d7c6/locations/us-central1/functions/sendOrderReadyNotification","verb":"create","cancelRequested":false,"apiVersion":"v2","requestResource":{"@type":"type.googleapis.com/google.cloud.functions.v2.Function","name":"projects/campusbite-7d7c6/locations/us-central1/functions/sendOrderReadyNotification","buildConfig":{"runtime":"nodejs24","entryPoint":"sendOrderReadyNotification","source":{"storageSource":{"bucket":"gcf-v2-sources-542895519847-us-central1","object":"sendOrderReadyNotification/function-source.zip","generation":"1780887043326888"}},"environmentVariables":{"GOOGLE_NODE_RUN_SCRIPTS":""},"serviceAccount":"projects/campusbite-7d7c6/serviceAccounts/542895519847-compute@developer.gserviceaccount.com","automaticUpdatePolicy":{}},"serviceConfig":{"service":"projects/campusbite-7d7c6/locations/us-central1/services/sendorderreadynotification","timeoutSeconds":60,"environmentVariables":{"FIREBASE_CONFIG":"{\"projectId\":\"campusbite-7d7c6\",\"storageBucket\":\"campusbite-7d7c6.firebasestorage.app\"}","GCLOUD_PROJECT":"campusbite-7d7c6","EVENTARC_CLOUD_EVENT_SOURCE":"projects/campusbite-7d7c6/locations/us-central1/services/sendOrderReadyNotification","FUNCTION_SIGNATURE_TYPE":"cloudevent","FUNCTION_TARGET":"sendOrderReadyNotification","LOG_EXECUTION_ID":"true"},"ingressSettings":"ALLOW_ALL","serviceAccountEmail":"542895519847-compute@developer.gserviceaccount.com","availableMemory":"256Mi","maxInstanceRequestConcurrency":80,"availableCpu":"1"},"eventTrigger":{"trigger":"projects/campusbite-7d7c6/locations/asia-south1/triggers/sendorderreadynotification-007485","triggerRegion":"asia-south1","eventType":"google.cloud.firestore.document.v1.updated","eventFilters":[{"attribute":"database","value":"(default)"},{"attribute":"namespace","value":"(default)"},{"attribute":"document","value":"orders/{orderId}","operator":"match-path-pattern"}],"serviceAccountEmail":"542895519847-compute@developer.gserviceaccount.com","retryPolicy":"RETRY_POLICY_DO_NOT_RETRY"},"labels":{"deployment-tool":"cli-firebase","firebase-functions-hash":"96ad5a3c4a728af6f8748404f106ce0e7782af79"},"environment":"GEN_2"},"stages":[{"name":"BUILD","message":"Build in progress","state":"IN_PROGRESS","resource":"projects/542895519847/locations/us-central1/builds/3c6057a2-6d39-40f7-93ae-7a1524d4a3e5","resourceUri":"https://console.cloud.google.com/cloud-build/builds;region=us-central1/3c6057a2-6d39-40f7-93ae-7a1524d4a3e5?project=542895519847"},{"name":"SERVICE","state":"NOT_STARTED"},{"name":"TRIGGER","state":"NOT_STARTED"}],"operationType":"CREATE_FUNCTION","buildName":"projects/542895519847/locations/us-central1/builds/3c6057a2-6d39-40f7-93ae-7a1524d4a3e5"},"done":false}
[debug] [2026-06-08T02:51:20.344Z] [create-default-us-central1-sendOrderReadyNotification] Retrying task index 0
[debug] [2026-06-08T02:51:20.345Z] Checked if tokens are valid: true, expires at: 1780889226631
[debug] [2026-06-08T02:51:20.345Z] Checked if tokens are valid: true, expires at: 1780889226631
[debug] [2026-06-08T02:51:20.346Z] >>> [apiv2][query] GET https://cloudfunctions.googleapis.com/v2/projects/campusbite-7d7c6/locations/us-central1/operations/operation-1780887043075-653b513966bd8-36c76c5b-fa21c7e6 [none]
[debug] [2026-06-08T02:51:22.621Z] <<< [apiv2][status] GET https://cloudfunctions.googleapis.com/v2/projects/campusbite-7d7c6/locations/us-central1/operations/operation-1780887043075-653b513966bd8-36c76c5b-fa21c7e6 200
[debug] [2026-06-08T02:51:22.622Z] <<< [apiv2][body] GET https://cloudfunctions.googleapis.com/v2/projects/campusbite-7d7c6/locations/us-central1/operations/operation-1780887043075-653b513966bd8-36c76c5b-fa21c7e6 {"name":"projects/campusbite-7d7c6/locations/us-central1/operations/operation-1780887043075-653b513966bd8-36c76c5b-fa21c7e6","metadata":{"@type":"type.googleapis.com/google.cloud.functions.v2.OperationMetadata","createTime":"2026-06-08T02:50:44.592531015Z","target":"projects/campusbite-7d7c6/locations/us-central1/functions/sendOrderReadyNotification","verb":"create","cancelRequested":false,"apiVersion":"v2","requestResource":{"@type":"type.googleapis.com/google.cloud.functions.v2.Function","name":"projects/campusbite-7d7c6/locations/us-central1/functions/sendOrderReadyNotification","buildConfig":{"runtime":"nodejs24","entryPoint":"sendOrderReadyNotification","source":{"storageSource":{"bucket":"gcf-v2-sources-542895519847-us-central1","object":"sendOrderReadyNotification/function-source.zip","generation":"1780887043326888"}},"environmentVariables":{"GOOGLE_NODE_RUN_SCRIPTS":""},"serviceAccount":"projects/campusbite-7d7c6/serviceAccounts/542895519847-compute@developer.gserviceaccount.com","automaticUpdatePolicy":{}},"serviceConfig":{"service":"projects/campusbite-7d7c6/locations/us-central1/services/sendorderreadynotification","timeoutSeconds":60,"environmentVariables":{"FIREBASE_CONFIG":"{\"projectId\":\"campusbite-7d7c6\",\"storageBucket\":\"campusbite-7d7c6.firebasestorage.app\"}","GCLOUD_PROJECT":"campusbite-7d7c6","EVENTARC_CLOUD_EVENT_SOURCE":"projects/campusbite-7d7c6/locations/us-central1/services/sendOrderReadyNotification","FUNCTION_SIGNATURE_TYPE":"cloudevent","FUNCTION_TARGET":"sendOrderReadyNotification","LOG_EXECUTION_ID":"true"},"ingressSettings":"ALLOW_ALL","serviceAccountEmail":"542895519847-compute@developer.gserviceaccount.com","availableMemory":"256Mi","maxInstanceRequestConcurrency":80,"availableCpu":"1"},"eventTrigger":{"trigger":"projects/campusbite-7d7c6/locations/asia-south1/triggers/sendorderreadynotification-007485","triggerRegion":"asia-south1","eventType":"google.cloud.firestore.document.v1.updated","eventFilters":[{"attribute":"database","value":"(default)"},{"attribute":"namespace","value":"(default)"},{"attribute":"document","value":"orders/{orderId}","operator":"match-path-pattern"}],"serviceAccountEmail":"542895519847-compute@developer.gserviceaccount.com","retryPolicy":"RETRY_POLICY_DO_NOT_RETRY"},"labels":{"deployment-tool":"cli-firebase","firebase-functions-hash":"96ad5a3c4a728af6f8748404f106ce0e7782af79"},"environment":"GEN_2"},"stages":[{"name":"BUILD","message":"Build in progress","state":"IN_PROGRESS","resource":"projects/542895519847/locations/us-central1/builds/3c6057a2-6d39-40f7-93ae-7a1524d4a3e5","resourceUri":"https://console.cloud.google.com/cloud-build/builds;region=us-central1/3c6057a2-6d39-40f7-93ae-7a1524d4a3e5?project=542895519847"},{"name":"SERVICE","state":"NOT_STARTED"},{"name":"TRIGGER","state":"NOT_STARTED"}],"operationType":"CREATE_FUNCTION","buildName":"projects/542895519847/locations/us-central1/builds/3c6057a2-6d39-40f7-93ae-7a1524d4a3e5"},"done":false}
[debug] [2026-06-08T02:51:32.632Z] [create-default-us-central1-sendOrderReadyNotification] Retrying task index 0
[debug] [2026-06-08T02:51:32.633Z] Checked if tokens are valid: true, expires at: 1780889226631
[debug] [2026-06-08T02:51:32.634Z] Checked if tokens are valid: true, expires at: 1780889226631
[debug] [2026-06-08T02:51:32.634Z] >>> [apiv2][query] GET https://cloudfunctions.googleapis.com/v2/projects/campusbite-7d7c6/locations/us-central1/operations/operation-1780887043075-653b513966bd8-36c76c5b-fa21c7e6 [none]
[debug] [2026-06-08T02:51:34.639Z] <<< [apiv2][status] GET https://cloudfunctions.googleapis.com/v2/projects/campusbite-7d7c6/locations/us-central1/operations/operation-1780887043075-653b513966bd8-36c76c5b-fa21c7e6 200
[debug] [2026-06-08T02:51:34.639Z] <<< [apiv2][body] GET https://cloudfunctions.googleapis.com/v2/projects/campusbite-7d7c6/locations/us-central1/operations/operation-1780887043075-653b513966bd8-36c76c5b-fa21c7e6 {"name":"projects/campusbite-7d7c6/locations/us-central1/operations/operation-1780887043075-653b513966bd8-36c76c5b-fa21c7e6","metadata":{"@type":"type.googleapis.com/google.cloud.functions.v2.OperationMetadata","createTime":"2026-06-08T02:50:44.592531015Z","target":"projects/campusbite-7d7c6/locations/us-central1/functions/sendOrderReadyNotification","verb":"create","cancelRequested":false,"apiVersion":"v2","requestResource":{"@type":"type.googleapis.com/google.cloud.functions.v2.Function","name":"projects/campusbite-7d7c6/locations/us-central1/functions/sendOrderReadyNotification","buildConfig":{"runtime":"nodejs24","entryPoint":"sendOrderReadyNotification","source":{"storageSource":{"bucket":"gcf-v2-sources-542895519847-us-central1","object":"sendOrderReadyNotification/function-source.zip","generation":"1780887043326888"}},"environmentVariables":{"GOOGLE_NODE_RUN_SCRIPTS":""},"serviceAccount":"projects/campusbite-7d7c6/serviceAccounts/542895519847-compute@developer.gserviceaccount.com","automaticUpdatePolicy":{}},"serviceConfig":{"service":"projects/campusbite-7d7c6/locations/us-central1/services/sendorderreadynotification","timeoutSeconds":60,"environmentVariables":{"FIREBASE_CONFIG":"{\"projectId\":\"campusbite-7d7c6\",\"storageBucket\":\"campusbite-7d7c6.firebasestorage.app\"}","GCLOUD_PROJECT":"campusbite-7d7c6","EVENTARC_CLOUD_EVENT_SOURCE":"projects/campusbite-7d7c6/locations/us-central1/services/sendOrderReadyNotification","FUNCTION_SIGNATURE_TYPE":"cloudevent","FUNCTION_TARGET":"sendOrderReadyNotification","LOG_EXECUTION_ID":"true"},"ingressSettings":"ALLOW_ALL","serviceAccountEmail":"542895519847-compute@developer.gserviceaccount.com","availableMemory":"256Mi","maxInstanceRequestConcurrency":80,"availableCpu":"1"},"eventTrigger":{"trigger":"projects/campusbite-7d7c6/locations/asia-south1/triggers/sendorderreadynotification-007485","triggerRegion":"asia-south1","eventType":"google.cloud.firestore.document.v1.updated","eventFilters":[{"attribute":"database","value":"(default)"},{"attribute":"namespace","value":"(default)"},{"attribute":"document","value":"orders/{orderId}","operator":"match-path-pattern"}],"serviceAccountEmail":"542895519847-compute@developer.gserviceaccount.com","retryPolicy":"RETRY_POLICY_DO_NOT_RETRY"},"labels":{"deployment-tool":"cli-firebase","firebase-functions-hash":"96ad5a3c4a728af6f8748404f106ce0e7782af79"},"environment":"GEN_2"},"stages":[{"name":"BUILD","message":"Build in progress","state":"IN_PROGRESS","resource":"projects/542895519847/locations/us-central1/builds/3c6057a2-6d39-40f7-93ae-7a1524d4a3e5","resourceUri":"https://console.cloud.google.com/cloud-build/builds;region=us-central1/3c6057a2-6d39-40f7-93ae-7a1524d4a3e5?project=542895519847"},{"name":"SERVICE","state":"NOT_STARTED"},{"name":"TRIGGER","state":"NOT_STARTED"}],"operationType":"CREATE_FUNCTION","buildName":"projects/542895519847/locations/us-central1/builds/3c6057a2-6d39-40f7-93ae-7a1524d4a3e5"},"done":false}
[debug] [2026-06-08T02:51:44.656Z] [create-default-us-central1-sendOrderReadyNotification] Retrying task index 0
[debug] [2026-06-08T02:51:44.657Z] Checked if tokens are valid: true, expires at: 1780889226631
[debug] [2026-06-08T02:51:44.657Z] Checked if tokens are valid: true, expires at: 1780889226631
[debug] [2026-06-08T02:51:44.658Z] >>> [apiv2][query] GET https://cloudfunctions.googleapis.com/v2/projects/campusbite-7d7c6/locations/us-central1/operations/operation-1780887043075-653b513966bd8-36c76c5b-fa21c7e6 [none]
[debug] [2026-06-08T02:51:47.402Z] <<< [apiv2][status] GET https://cloudfunctions.googleapis.com/v2/projects/campusbite-7d7c6/locations/us-central1/operations/operation-1780887043075-653b513966bd8-36c76c5b-fa21c7e6 200
[debug] [2026-06-08T02:51:47.402Z] <<< [apiv2][body] GET https://cloudfunctions.googleapis.com/v2/projects/campusbite-7d7c6/locations/us-central1/operations/operation-1780887043075-653b513966bd8-36c76c5b-fa21c7e6 {"name":"projects/campusbite-7d7c6/locations/us-central1/operations/operation-1780887043075-653b513966bd8-36c76c5b-fa21c7e6","metadata":{"@type":"type.googleapis.com/google.cloud.functions.v2.OperationMetadata","createTime":"2026-06-08T02:50:44.592531015Z","target":"projects/campusbite-7d7c6/locations/us-central1/functions/sendOrderReadyNotification","verb":"create","cancelRequested":false,"apiVersion":"v2","requestResource":{"@type":"type.googleapis.com/google.cloud.functions.v2.Function","name":"projects/campusbite-7d7c6/locations/us-central1/functions/sendOrderReadyNotification","buildConfig":{"runtime":"nodejs24","entryPoint":"sendOrderReadyNotification","source":{"storageSource":{"bucket":"gcf-v2-sources-542895519847-us-central1","object":"sendOrderReadyNotification/function-source.zip","generation":"1780887043326888"}},"environmentVariables":{"GOOGLE_NODE_RUN_SCRIPTS":""},"serviceAccount":"projects/campusbite-7d7c6/serviceAccounts/542895519847-compute@developer.gserviceaccount.com","automaticUpdatePolicy":{}},"serviceConfig":{"service":"projects/campusbite-7d7c6/locations/us-central1/services/sendorderreadynotification","timeoutSeconds":60,"environmentVariables":{"FIREBASE_CONFIG":"{\"projectId\":\"campusbite-7d7c6\",\"storageBucket\":\"campusbite-7d7c6.firebasestorage.app\"}","GCLOUD_PROJECT":"campusbite-7d7c6","EVENTARC_CLOUD_EVENT_SOURCE":"projects/campusbite-7d7c6/locations/us-central1/services/sendOrderReadyNotification","FUNCTION_SIGNATURE_TYPE":"cloudevent","FUNCTION_TARGET":"sendOrderReadyNotification","LOG_EXECUTION_ID":"true"},"ingressSettings":"ALLOW_ALL","serviceAccountEmail":"542895519847-compute@developer.gserviceaccount.com","availableMemory":"256Mi","maxInstanceRequestConcurrency":80,"availableCpu":"1"},"eventTrigger":{"trigger":"projects/campusbite-7d7c6/locations/asia-south1/triggers/sendorderreadynotification-007485","triggerRegion":"asia-south1","eventType":"google.cloud.firestore.document.v1.updated","eventFilters":[{"attribute":"database","value":"(default)"},{"attribute":"namespace","value":"(default)"},{"attribute":"document","value":"orders/{orderId}","operator":"match-path-pattern"}],"serviceAccountEmail":"542895519847-compute@developer.gserviceaccount.com","retryPolicy":"RETRY_POLICY_DO_NOT_RETRY"},"labels":{"deployment-tool":"cli-firebase","firebase-functions-hash":"96ad5a3c4a728af6f8748404f106ce0e7782af79"},"environment":"GEN_2"},"stages":[{"name":"BUILD","message":"Build finished","state":"COMPLETE","resource":"projects/542895519847/locations/us-central1/builds/3c6057a2-6d39-40f7-93ae-7a1524d4a3e5","resourceUri":"https://console.cloud.google.com/cloud-build/builds;region=us-central1/3c6057a2-6d39-40f7-93ae-7a1524d4a3e5?project=542895519847"},{"name":"SERVICE","message":"Creating Cloud Run service","state":"COMPLETE","resource":"projects/campusbite-7d7c6/locations/us-central1/services/sendorderreadynotification","resourceUri":"https://console.cloud.google.com/run/detail/us-central1/sendorderreadynotification?project=campusbite-7d7c6"},{"name":"TRIGGER","message":"Creating Eventarc trigger","state":"IN_PROGRESS","resource":"projects/campusbite-7d7c6/locations/asia-south1/triggers/sendorderreadynotification-007485"}],"sourceToken":"Cldwcm9qZWN0cy81NDI4OTU1MTk4NDcvbG9jYXRpb25zL3VzLWNlbnRyYWwxL2J1aWxkcy8zYzYwNTdhMi02ZDM5LTQwZjctOTNhZS03YTE1MjRkNGEzZTUSggF1cy1jZW50cmFsMS1kb2NrZXIucGtnLmRldi9jYW1wdXNiaXRlLTdkN2M2L2djZi1hcnRpZmFjdHMvY2FtcHVzYml0ZS0tN2Q3YzZfX3VzLS1jZW50cmFsMV9fc2VuZF9vcmRlcl9yZWFkeV9ub3RpZmljYXRpb246dmVyc2lvbl8xGOfw4LjmDyJUcHJvamVjdHMvY2FtcHVzYml0ZS03ZDdjNi9sb2NhdGlvbnMvdXMtY2VudHJhbDEvZnVuY3Rpb25zL3NlbmRPcmRlclJlYWR5Tm90aWZpY2F0aW9uKgwIuNyY0QYQ4KP+kQEyCG5vZGVqczI0OnYKI2djci5pby9nYWUtcnVudGltZXMvbm9kZWpzMjQ6c3RhYmxlEk91cy1jZW50cmFsMS1kb2NrZXIucGtnLmRldi9zZXJ2ZXJsZXNzLXJ1bnRpbWVzL2dvb2dsZS0yNC1mdWxsL3J1bnRpbWVzL25vZGVqczI0QAE=","operationType":"CREATE_FUNCTION","buildName":"projects/542895519847/locations/us-central1/builds/3c6057a2-6d39-40f7-93ae-7a1524d4a3e5"},"done":false}
[debug] [2026-06-08T02:51:47.403Z] Got source token Cldwcm9qZWN0cy81NDI4OTU1MTk4NDcvbG9jYXRpb25zL3VzLWNlbnRyYWwxL2J1aWxkcy8zYzYwNTdhMi02ZDM5LTQwZjctOTNhZS03YTE1MjRkNGEzZTUSggF1cy1jZW50cmFsMS1kb2NrZXIucGtnLmRldi9jYW1wdXNiaXRlLTdkN2M2L2djZi1hcnRpZmFjdHMvY2FtcHVzYml0ZS0tN2Q3YzZfX3VzLS1jZW50cmFsMV9fc2VuZF9vcmRlcl9yZWFkeV9ub3RpZmljYXRpb246dmVyc2lvbl8xGOfw4LjmDyJUcHJvamVjdHMvY2FtcHVzYml0ZS03ZDdjNi9sb2NhdGlvbnMvdXMtY2VudHJhbDEvZnVuY3Rpb25zL3NlbmRPcmRlclJlYWR5Tm90aWZpY2F0aW9uKgwIuNyY0QYQ4KP+kQEyCG5vZGVqczI0OnYKI2djci5pby9nYWUtcnVudGltZXMvbm9kZWpzMjQ6c3RhYmxlEk91cy1jZW50cmFsMS1kb2NrZXIucGtnLmRldi9zZXJ2ZXJsZXNzLXJ1bnRpbWVzL2dvb2dsZS0yNC1mdWxsL3J1bnRpbWVzL25vZGVqczI0QAE= for region us-central1
[debug] [2026-06-08T02:51:47.405Z] Checked if tokens are valid: true, expires at: 1780889226631
[debug] [2026-06-08T02:51:47.406Z] Checked if tokens are valid: true, expires at: 1780889226631
[debug] [2026-06-08T02:51:47.407Z] >>> [apiv2][query] PATCH https://cloudfunctions.googleapis.com/v2/projects/campusbite-7d7c6/locations/us-central1/functions/updateOrderStatus updateMask=name%2CbuildConfig.runtime%2CbuildConfig.entryPoint%2CbuildConfig.source.storageSource.bucket%2CbuildConfig.source.storageSource.object%2CbuildConfig.environmentVariables%2CbuildConfig.sourceToken%2CserviceConfig.environmentVariables%2CserviceConfig.ingressSettings%2CserviceConfig.timeoutSeconds%2CserviceConfig.serviceAccountEmail%2CserviceConfig.availableMemory%2CserviceConfig.minInstanceCount%2CserviceConfig.maxInstanceCount%2CserviceConfig.maxInstanceRequestConcurrency%2CserviceConfig.availableCpu%2CserviceConfig.vpcConnector%2CserviceConfig.vpcConnectorEgressSettings%2CserviceConfig.directVpcNetworkInterface%2CserviceConfig.directVpcEgress%2Clabels
[debug] [2026-06-08T02:51:47.408Z] >>> [apiv2][body] PATCH https://cloudfunctions.googleapis.com/v2/projects/campusbite-7d7c6/locations/us-central1/functions/updateOrderStatus {"name":"projects/campusbite-7d7c6/locations/us-central1/functions/updateOrderStatus","buildConfig":{"runtime":"nodejs24","entryPoint":"updateOrderStatus","source":{"storageSource":{"bucket":"gcf-v2-uploads-542895519847.us-central1.cloudfunctions.appspot.com","object":"7ad3c225-e9f5-407f-b1cb-df6ed3670512.zip"}},"environmentVariables":{"GOOGLE_NODE_RUN_SCRIPTS":""},"sourceToken":"Cldwcm9qZWN0cy81NDI4OTU1MTk4NDcvbG9jYXRpb25zL3VzLWNlbnRyYWwxL2J1aWxkcy8zYzYwNTdhMi02ZDM5LTQwZjctOTNhZS03YTE1MjRkNGEzZTUSggF1cy1jZW50cmFsMS1kb2NrZXIucGtnLmRldi9jYW1wdXNiaXRlLTdkN2M2L2djZi1hcnRpZmFjdHMvY2FtcHVzYml0ZS0tN2Q3YzZfX3VzLS1jZW50cmFsMV9fc2VuZF9vcmRlcl9yZWFkeV9ub3RpZmljYXRpb246dmVyc2lvbl8xGOfw4LjmDyJUcHJvamVjdHMvY2FtcHVzYml0ZS03ZDdjNi9sb2NhdGlvbnMvdXMtY2VudHJhbDEvZnVuY3Rpb25zL3NlbmRPcmRlclJlYWR5Tm90aWZpY2F0aW9uKgwIuNyY0QYQ4KP+kQEyCG5vZGVqczI0OnYKI2djci5pby9nYWUtcnVudGltZXMvbm9kZWpzMjQ6c3RhYmxlEk91cy1jZW50cmFsMS1kb2NrZXIucGtnLmRldi9zZXJ2ZXJsZXNzLXJ1bnRpbWVzL2dvb2dsZS0yNC1mdWxsL3J1bnRpbWVzL25vZGVqczI0QAE="},"serviceConfig":{"environmentVariables":{"FIREBASE_CONFIG":"{\"projectId\":\"campusbite-7d7c6\",\"storageBucket\":\"campusbite-7d7c6.firebasestorage.app\"}","GCLOUD_PROJECT":"campusbite-7d7c6","EVENTARC_CLOUD_EVENT_SOURCE":"projects/campusbite-7d7c6/locations/us-central1/services/updateOrderStatus","FUNCTION_TARGET":"updateOrderStatus","LOG_EXECUTION_ID":"true"},"ingressSettings":null,"timeoutSeconds":null,"serviceAccountEmail":null,"availableMemory":"256Mi","minInstanceCount":null,"maxInstanceCount":null,"maxInstanceRequestConcurrency":80,"availableCpu":"1","vpcConnector":null,"vpcConnectorEgressSettings":null,"directVpcNetworkInterface":null,"directVpcEgress":null},"labels":{"deployment-tool":"cli-firebase","deployment-callable":"true","firebase-functions-hash":"96ad5a3c4a728af6f8748404f106ce0e7782af79"}}
[debug] [2026-06-08T02:51:49.747Z] <<< [apiv2][status] PATCH https://cloudfunctions.googleapis.com/v2/projects/campusbite-7d7c6/locations/us-central1/functions/updateOrderStatus 200
[debug] [2026-06-08T02:51:49.748Z] <<< [apiv2][body] PATCH https://cloudfunctions.googleapis.com/v2/projects/campusbite-7d7c6/locations/us-central1/functions/updateOrderStatus {"name":"projects/campusbite-7d7c6/locations/us-central1/operations/operation-1780887109082-653b517859e5a-7ddf3106-40bc9175","metadata":{"@type":"type.googleapis.com/google.cloud.functions.v2.OperationMetadata","createTime":"2026-06-08T02:51:49.802440477Z","target":"projects/campusbite-7d7c6/locations/us-central1/functions/updateOrderStatus","verb":"update","cancelRequested":false,"apiVersion":"v2"},"done":false}
[debug] [2026-06-08T02:51:49.748Z] Checked if tokens are valid: true, expires at: 1780889226631
[debug] [2026-06-08T02:51:49.749Z] Checked if tokens are valid: true, expires at: 1780889226631
[debug] [2026-06-08T02:51:49.749Z] >>> [apiv2][query] GET https://cloudfunctions.googleapis.com/v2/projects/campusbite-7d7c6/locations/us-central1/operations/operation-1780887109082-653b517859e5a-7ddf3106-40bc9175 [none]
[debug] [2026-06-08T02:51:51.292Z] <<< [apiv2][status] GET https://cloudfunctions.googleapis.com/v2/projects/campusbite-7d7c6/locations/us-central1/operations/operation-1780887109082-653b517859e5a-7ddf3106-40bc9175 200
[debug] [2026-06-08T02:51:51.293Z] <<< [apiv2][body] GET https://cloudfunctions.googleapis.com/v2/projects/campusbite-7d7c6/locations/us-central1/operations/operation-1780887109082-653b517859e5a-7ddf3106-40bc9175 {"name":"projects/campusbite-7d7c6/locations/us-central1/operations/operation-1780887109082-653b517859e5a-7ddf3106-40bc9175","metadata":{"@type":"type.googleapis.com/google.cloud.functions.v2.OperationMetadata","createTime":"2026-06-08T02:51:49.802440477Z","target":"projects/campusbite-7d7c6/locations/us-central1/functions/updateOrderStatus","verb":"update","cancelRequested":false,"apiVersion":"v2","requestResource":{"@type":"type.googleapis.com/google.cloud.functions.v2.Function","name":"projects/campusbite-7d7c6/locations/us-central1/functions/updateOrderStatus","buildConfig":{"runtime":"nodejs24","entryPoint":"updateOrderStatus","source":{"storageSource":{"bucket":"gcf-v2-sources-542895519847-us-central1","object":"updateOrderStatus/function-source.zip","generation":"1780887109756217"}},"environmentVariables":{"GOOGLE_NODE_RUN_SCRIPTS":""},"dockerRepository":"projects/campusbite-7d7c6/locations/us-central1/repositories/gcf-artifacts","sourceProvenance":{"resolvedStorageSource":{"bucket":"gcf-v2-sources-542895519847-us-central1","object":"updateOrderStatus/function-source.zip","generation":"1780886772224960"}},"dockerRegistry":"ARTIFACT_REGISTRY","sourceToken":"Cldwcm9qZWN0cy81NDI4OTU1MTk4NDcvbG9jYXRpb25zL3VzLWNlbnRyYWwxL2J1aWxkcy8zYzYwNTdhMi02ZDM5LTQwZjctOTNhZS03YTE1MjRkNGEzZTUSggF1cy1jZW50cmFsMS1kb2NrZXIucGtnLmRldi9jYW1wdXNiaXRlLTdkN2M2L2djZi1hcnRpZmFjdHMvY2FtcHVzYml0ZS0tN2Q3YzZfX3VzLS1jZW50cmFsMV9fc2VuZF9vcmRlcl9yZWFkeV9ub3RpZmljYXRpb246dmVyc2lvbl8xGOfw4LjmDyJUcHJvamVjdHMvY2FtcHVzYml0ZS03ZDdjNi9sb2NhdGlvbnMvdXMtY2VudHJhbDEvZnVuY3Rpb25zL3NlbmRPcmRlclJlYWR5Tm90aWZpY2F0aW9uKgwIuNyY0QYQ4KP+kQEyCG5vZGVqczI0OnYKI2djci5pby9nYWUtcnVudGltZXMvbm9kZWpzMjQ6c3RhYmxlEk91cy1jZW50cmFsMS1kb2NrZXIucGtnLmRldi9zZXJ2ZXJsZXNzLXJ1bnRpbWVzL2dvb2dsZS0yNC1mdWxsL3J1bnRpbWVzL25vZGVqczI0QAE=","serviceAccount":"projects/campusbite-7d7c6/serviceAccounts/542895519847-compute@developer.gserviceaccount.com","automaticUpdatePolicy":{}},"serviceConfig":{"service":"projects/campusbite-7d7c6/locations/us-central1/services/updateorderstatus","timeoutSeconds":60,"environmentVariables":{"FIREBASE_CONFIG":"{\"projectId\":\"campusbite-7d7c6\",\"storageBucket\":\"campusbite-7d7c6.firebasestorage.app\"}","GCLOUD_PROJECT":"campusbite-7d7c6","EVENTARC_CLOUD_EVENT_SOURCE":"projects/campusbite-7d7c6/locations/us-central1/services/updateOrderStatus","FUNCTION_TARGET":"updateOrderStatus","LOG_EXECUTION_ID":"true","FUNCTION_SIGNATURE_TYPE":"http"},"ingressSettings":"ALLOW_ALL","serviceAccountEmail":"542895519847-compute@developer.gserviceaccount.com","availableMemory":"256Mi","maxInstanceRequestConcurrency":80,"availableCpu":"1"},"state":"FAILED","labels":{"deployment-callable":"true","firebase-functions-hash":"96ad5a3c4a728af6f8748404f106ce0e7782af79"},"stateMessages":[{"severity":"ERROR","type":"CloudRunServiceNotFound","message":"Cloud Run service projects/campusbite-7d7c6/locations/us-central1/services/updateorderstatus for the function was not found. The function will not work correctly. Please redeploy."}],"environment":"GEN_2","url":"https://us-central1-campusbite-7d7c6.cloudfunctions.net/updateOrderStatus","satisfiesPzi":true},"stages":[{"name":"BUILD","message":"Reusing build","state":"COMPLETE","resource":"projects/542895519847/locations/us-central1/builds/3c6057a2-6d39-40f7-93ae-7a1524d4a3e5"},{"name":"SERVICE","message":"Updating Cloud Run service","state":"IN_PROGRESS","resource":"projects/campusbite-7d7c6/locations/us-central1/services/updateorderstatus","resourceUri":"https://console.cloud.google.com/run/detail/us-central1/updateorderstatus?project=campusbite-7d7c6","stateMessages":[{"severity":"WARNING","type":"CloudRunServiceRecreated","message":"Cloud Run service projects/campusbite-7d7c6/locations/us-central1/services/updateorderstatus for the function was not found. The service was redeployed with default values."}]}],"sourceToken":"Cldwcm9qZWN0cy81NDI4OTU1MTk4NDcvbG9jYXRpb25zL3VzLWNlbnRyYWwxL2J1aWxkcy8zYzYwNTdhMi02ZDM5LTQwZjctOTNhZS03YTE1MjRkNGEzZTUSggF1cy1jZW50cmFsMS1kb2NrZXIucGtnLmRldi9jYW1wdXNiaXRlLTdkN2M2L2djZi1hcnRpZmFjdHMvY2FtcHVzYml0ZS0tN2Q3YzZfX3VzLS1jZW50cmFsMV9fc2VuZF9vcmRlcl9yZWFkeV9ub3RpZmljYXRpb246dmVyc2lvbl8xGOfw4LjmDyJUcHJvamVjdHMvY2FtcHVzYml0ZS03ZDdjNi9sb2NhdGlvbnMvdXMtY2VudHJhbDEvZnVuY3Rpb25zL3NlbmRPcmRlclJlYWR5Tm90aWZpY2F0aW9uKgwIuNyY0QYQ4KP+kQEyCG5vZGVqczI0OnYKI2djci5pby9nYWUtcnVudGltZXMvbm9kZWpzMjQ6c3RhYmxlEk91cy1jZW50cmFsMS1kb2NrZXIucGtnLmRldi9zZXJ2ZXJsZXNzLXJ1bnRpbWVzL2dvb2dsZS0yNC1mdWxsL3J1bnRpbWVzL25vZGVqczI0QAE=","operationType":"UPDATE_FUNCTION","buildName":"projects/542895519847/locations/us-central1/builds/3c6057a2-6d39-40f7-93ae-7a1524d4a3e5"},"done":false}
[debug] [2026-06-08T02:51:51.294Z] Got source token Cldwcm9qZWN0cy81NDI4OTU1MTk4NDcvbG9jYXRpb25zL3VzLWNlbnRyYWwxL2J1aWxkcy8zYzYwNTdhMi02ZDM5LTQwZjctOTNhZS03YTE1MjRkNGEzZTUSggF1cy1jZW50cmFsMS1kb2NrZXIucGtnLmRldi9jYW1wdXNiaXRlLTdkN2M2L2djZi1hcnRpZmFjdHMvY2FtcHVzYml0ZS0tN2Q3YzZfX3VzLS1jZW50cmFsMV9fc2VuZF9vcmRlcl9yZWFkeV9ub3RpZmljYXRpb246dmVyc2lvbl8xGOfw4LjmDyJUcHJvamVjdHMvY2FtcHVzYml0ZS03ZDdjNi9sb2NhdGlvbnMvdXMtY2VudHJhbDEvZnVuY3Rpb25zL3NlbmRPcmRlclJlYWR5Tm90aWZpY2F0aW9uKgwIuNyY0QYQ4KP+kQEyCG5vZGVqczI0OnYKI2djci5pby9nYWUtcnVudGltZXMvbm9kZWpzMjQ6c3RhYmxlEk91cy1jZW50cmFsMS1kb2NrZXIucGtnLmRldi9zZXJ2ZXJsZXNzLXJ1bnRpbWVzL2dvb2dsZS0yNC1mdWxsL3J1bnRpbWVzL25vZGVqczI0QAE= for region us-central1
[debug] [2026-06-08T02:51:51.805Z] [update-default-us-central1-updateOrderStatus] Retrying task index 0
[debug] [2026-06-08T02:51:51.806Z] Checked if tokens are valid: true, expires at: 1780889226631
[debug] [2026-06-08T02:51:51.806Z] Checked if tokens are valid: true, expires at: 1780889226631
[debug] [2026-06-08T02:51:51.807Z] >>> [apiv2][query] GET https://cloudfunctions.googleapis.com/v2/projects/campusbite-7d7c6/locations/us-central1/operations/operation-1780887109082-653b517859e5a-7ddf3106-40bc9175 [none]
[debug] [2026-06-08T02:51:53.341Z] <<< [apiv2][status] GET https://cloudfunctions.googleapis.com/v2/projects/campusbite-7d7c6/locations/us-central1/operations/operation-1780887109082-653b517859e5a-7ddf3106-40bc9175 200
[debug] [2026-06-08T02:51:53.342Z] <<< [apiv2][body] GET https://cloudfunctions.googleapis.com/v2/projects/campusbite-7d7c6/locations/us-central1/operations/operation-1780887109082-653b517859e5a-7ddf3106-40bc9175 {"name":"projects/campusbite-7d7c6/locations/us-central1/operations/operation-1780887109082-653b517859e5a-7ddf3106-40bc9175","metadata":{"@type":"type.googleapis.com/google.cloud.functions.v2.OperationMetadata","createTime":"2026-06-08T02:51:49.802440477Z","target":"projects/campusbite-7d7c6/locations/us-central1/functions/updateOrderStatus","verb":"update","cancelRequested":false,"apiVersion":"v2","requestResource":{"@type":"type.googleapis.com/google.cloud.functions.v2.Function","name":"projects/campusbite-7d7c6/locations/us-central1/functions/updateOrderStatus","buildConfig":{"runtime":"nodejs24","entryPoint":"updateOrderStatus","source":{"storageSource":{"bucket":"gcf-v2-sources-542895519847-us-central1","object":"updateOrderStatus/function-source.zip","generation":"1780887109756217"}},"environmentVariables":{"GOOGLE_NODE_RUN_SCRIPTS":""},"dockerRepository":"projects/campusbite-7d7c6/locations/us-central1/repositories/gcf-artifacts","sourceProvenance":{"resolvedStorageSource":{"bucket":"gcf-v2-sources-542895519847-us-central1","object":"updateOrderStatus/function-source.zip","generation":"1780886772224960"}},"dockerRegistry":"ARTIFACT_REGISTRY","sourceToken":"Cldwcm9qZWN0cy81NDI4OTU1MTk4NDcvbG9jYXRpb25zL3VzLWNlbnRyYWwxL2J1aWxkcy8zYzYwNTdhMi02ZDM5LTQwZjctOTNhZS03YTE1MjRkNGEzZTUSggF1cy1jZW50cmFsMS1kb2NrZXIucGtnLmRldi9jYW1wdXNiaXRlLTdkN2M2L2djZi1hcnRpZmFjdHMvY2FtcHVzYml0ZS0tN2Q3YzZfX3VzLS1jZW50cmFsMV9fc2VuZF9vcmRlcl9yZWFkeV9ub3RpZmljYXRpb246dmVyc2lvbl8xGOfw4LjmDyJUcHJvamVjdHMvY2FtcHVzYml0ZS03ZDdjNi9sb2NhdGlvbnMvdXMtY2VudHJhbDEvZnVuY3Rpb25zL3NlbmRPcmRlclJlYWR5Tm90aWZpY2F0aW9uKgwIuNyY0QYQ4KP+kQEyCG5vZGVqczI0OnYKI2djci5pby9nYWUtcnVudGltZXMvbm9kZWpzMjQ6c3RhYmxlEk91cy1jZW50cmFsMS1kb2NrZXIucGtnLmRldi9zZXJ2ZXJsZXNzLXJ1bnRpbWVzL2dvb2dsZS0yNC1mdWxsL3J1bnRpbWVzL25vZGVqczI0QAE=","serviceAccount":"projects/campusbite-7d7c6/serviceAccounts/542895519847-compute@developer.gserviceaccount.com","automaticUpdatePolicy":{}},"serviceConfig":{"service":"projects/campusbite-7d7c6/locations/us-central1/services/updateorderstatus","timeoutSeconds":60,"environmentVariables":{"FIREBASE_CONFIG":"{\"projectId\":\"campusbite-7d7c6\",\"storageBucket\":\"campusbite-7d7c6.firebasestorage.app\"}","GCLOUD_PROJECT":"campusbite-7d7c6","EVENTARC_CLOUD_EVENT_SOURCE":"projects/campusbite-7d7c6/locations/us-central1/services/updateOrderStatus","FUNCTION_TARGET":"updateOrderStatus","LOG_EXECUTION_ID":"true","FUNCTION_SIGNATURE_TYPE":"http"},"ingressSettings":"ALLOW_ALL","serviceAccountEmail":"542895519847-compute@developer.gserviceaccount.com","availableMemory":"256Mi","maxInstanceRequestConcurrency":80,"availableCpu":"1"},"state":"FAILED","labels":{"deployment-callable":"true","firebase-functions-hash":"96ad5a3c4a728af6f8748404f106ce0e7782af79"},"stateMessages":[{"severity":"ERROR","type":"CloudRunServiceNotFound","message":"Cloud Run service projects/campusbite-7d7c6/locations/us-central1/services/updateorderstatus for the function was not found. The function will not work correctly. Please redeploy."}],"environment":"GEN_2","url":"https://us-central1-campusbite-7d7c6.cloudfunctions.net/updateOrderStatus","satisfiesPzi":true},"stages":[{"name":"BUILD","message":"Reusing build","state":"COMPLETE","resource":"projects/542895519847/locations/us-central1/builds/3c6057a2-6d39-40f7-93ae-7a1524d4a3e5"},{"name":"SERVICE","message":"Updating Cloud Run service","state":"IN_PROGRESS","resource":"projects/campusbite-7d7c6/locations/us-central1/services/updateorderstatus","resourceUri":"https://console.cloud.google.com/run/detail/us-central1/updateorderstatus?project=campusbite-7d7c6","stateMessages":[{"severity":"WARNING","type":"CloudRunServiceRecreated","message":"Cloud Run service projects/campusbite-7d7c6/locations/us-central1/services/updateorderstatus for the function was not found. The service was redeployed with default values."}]}],"sourceToken":"Cldwcm9qZWN0cy81NDI4OTU1MTk4NDcvbG9jYXRpb25zL3VzLWNlbnRyYWwxL2J1aWxkcy8zYzYwNTdhMi02ZDM5LTQwZjctOTNhZS03YTE1MjRkNGEzZTUSggF1cy1jZW50cmFsMS1kb2NrZXIucGtnLmRldi9jYW1wdXNiaXRlLTdkN2M2L2djZi1hcnRpZmFjdHMvY2FtcHVzYml0ZS0tN2Q3YzZfX3VzLS1jZW50cmFsMV9fc2VuZF9vcmRlcl9yZWFkeV9ub3RpZmljYXRpb246dmVyc2lvbl8xGOfw4LjmDyJUcHJvamVjdHMvY2FtcHVzYml0ZS03ZDdjNi9sb2NhdGlvbnMvdXMtY2VudHJhbDEvZnVuY3Rpb25zL3NlbmRPcmRlclJlYWR5Tm90aWZpY2F0aW9uKgwIuNyY0QYQ4KP+kQEyCG5vZGVqczI0OnYKI2djci5pby9nYWUtcnVudGltZXMvbm9kZWpzMjQ6c3RhYmxlEk91cy1jZW50cmFsMS1kb2NrZXIucGtnLmRldi9zZXJ2ZXJsZXNzLXJ1bnRpbWVzL2dvb2dsZS0yNC1mdWxsL3J1bnRpbWVzL25vZGVqczI0QAE=","operationType":"UPDATE_FUNCTION","buildName":"projects/542895519847/locations/us-central1/builds/3c6057a2-6d39-40f7-93ae-7a1524d4a3e5"},"done":false}
[debug] [2026-06-08T02:51:53.344Z] Got source token Cldwcm9qZWN0cy81NDI4OTU1MTk4NDcvbG9jYXRpb25zL3VzLWNlbnRyYWwxL2J1aWxkcy8zYzYwNTdhMi02ZDM5LTQwZjctOTNhZS03YTE1MjRkNGEzZTUSggF1cy1jZW50cmFsMS1kb2NrZXIucGtnLmRldi9jYW1wdXNiaXRlLTdkN2M2L2djZi1hcnRpZmFjdHMvY2FtcHVzYml0ZS0tN2Q3YzZfX3VzLS1jZW50cmFsMV9fc2VuZF9vcmRlcl9yZWFkeV9ub3RpZmljYXRpb246dmVyc2lvbl8xGOfw4LjmDyJUcHJvamVjdHMvY2FtcHVzYml0ZS03ZDdjNi9sb2NhdGlvbnMvdXMtY2VudHJhbDEvZnVuY3Rpb25zL3NlbmRPcmRlclJlYWR5Tm90aWZpY2F0aW9uKgwIuNyY0QYQ4KP+kQEyCG5vZGVqczI0OnYKI2djci5pby9nYWUtcnVudGltZXMvbm9kZWpzMjQ6c3RhYmxlEk91cy1jZW50cmFsMS1kb2NrZXIucGtnLmRldi9zZXJ2ZXJsZXNzLXJ1bnRpbWVzL2dvb2dsZS0yNC1mdWxsL3J1bnRpbWVzL25vZGVqczI0QAE= for region us-central1
[debug] [2026-06-08T02:51:54.356Z] [update-default-us-central1-updateOrderStatus] Retrying task index 0
[debug] [2026-06-08T02:51:54.357Z] Checked if tokens are valid: true, expires at: 1780889226631
[debug] [2026-06-08T02:51:54.358Z] Checked if tokens are valid: true, expires at: 1780889226631
[debug] [2026-06-08T02:51:54.358Z] >>> [apiv2][query] GET https://cloudfunctions.googleapis.com/v2/projects/campusbite-7d7c6/locations/us-central1/operations/operation-1780887109082-653b517859e5a-7ddf3106-40bc9175 [none]
[debug] [2026-06-08T02:51:55.901Z] <<< [apiv2][status] GET https://cloudfunctions.googleapis.com/v2/projects/campusbite-7d7c6/locations/us-central1/operations/operation-1780887109082-653b517859e5a-7ddf3106-40bc9175 200
[debug] [2026-06-08T02:51:55.902Z] <<< [apiv2][body] GET https://cloudfunctions.googleapis.com/v2/projects/campusbite-7d7c6/locations/us-central1/operations/operation-1780887109082-653b517859e5a-7ddf3106-40bc9175 {"name":"projects/campusbite-7d7c6/locations/us-central1/operations/operation-1780887109082-653b517859e5a-7ddf3106-40bc9175","metadata":{"@type":"type.googleapis.com/google.cloud.functions.v2.OperationMetadata","createTime":"2026-06-08T02:51:49.802440477Z","target":"projects/campusbite-7d7c6/locations/us-central1/functions/updateOrderStatus","verb":"update","cancelRequested":false,"apiVersion":"v2","requestResource":{"@type":"type.googleapis.com/google.cloud.functions.v2.Function","name":"projects/campusbite-7d7c6/locations/us-central1/functions/updateOrderStatus","buildConfig":{"runtime":"nodejs24","entryPoint":"updateOrderStatus","source":{"storageSource":{"bucket":"gcf-v2-sources-542895519847-us-central1","object":"updateOrderStatus/function-source.zip","generation":"1780887109756217"}},"environmentVariables":{"GOOGLE_NODE_RUN_SCRIPTS":""},"dockerRepository":"projects/campusbite-7d7c6/locations/us-central1/repositories/gcf-artifacts","sourceProvenance":{"resolvedStorageSource":{"bucket":"gcf-v2-sources-542895519847-us-central1","object":"updateOrderStatus/function-source.zip","generation":"1780886772224960"}},"dockerRegistry":"ARTIFACT_REGISTRY","sourceToken":"Cldwcm9qZWN0cy81NDI4OTU1MTk4NDcvbG9jYXRpb25zL3VzLWNlbnRyYWwxL2J1aWxkcy8zYzYwNTdhMi02ZDM5LTQwZjctOTNhZS03YTE1MjRkNGEzZTUSggF1cy1jZW50cmFsMS1kb2NrZXIucGtnLmRldi9jYW1wdXNiaXRlLTdkN2M2L2djZi1hcnRpZmFjdHMvY2FtcHVzYml0ZS0tN2Q3YzZfX3VzLS1jZW50cmFsMV9fc2VuZF9vcmRlcl9yZWFkeV9ub3RpZmljYXRpb246dmVyc2lvbl8xGOfw4LjmDyJUcHJvamVjdHMvY2FtcHVzYml0ZS03ZDdjNi9sb2NhdGlvbnMvdXMtY2VudHJhbDEvZnVuY3Rpb25zL3NlbmRPcmRlclJlYWR5Tm90aWZpY2F0aW9uKgwIuNyY0QYQ4KP+kQEyCG5vZGVqczI0OnYKI2djci5pby9nYWUtcnVudGltZXMvbm9kZWpzMjQ6c3RhYmxlEk91cy1jZW50cmFsMS1kb2NrZXIucGtnLmRldi9zZXJ2ZXJsZXNzLXJ1bnRpbWVzL2dvb2dsZS0yNC1mdWxsL3J1bnRpbWVzL25vZGVqczI0QAE=","serviceAccount":"projects/campusbite-7d7c6/serviceAccounts/542895519847-compute@developer.gserviceaccount.com","automaticUpdatePolicy":{}},"serviceConfig":{"service":"projects/campusbite-7d7c6/locations/us-central1/services/updateorderstatus","timeoutSeconds":60,"environmentVariables":{"FIREBASE_CONFIG":"{\"projectId\":\"campusbite-7d7c6\",\"storageBucket\":\"campusbite-7d7c6.firebasestorage.app\"}","GCLOUD_PROJECT":"campusbite-7d7c6","EVENTARC_CLOUD_EVENT_SOURCE":"projects/campusbite-7d7c6/locations/us-central1/services/updateOrderStatus","FUNCTION_TARGET":"updateOrderStatus","LOG_EXECUTION_ID":"true","FUNCTION_SIGNATURE_TYPE":"http"},"ingressSettings":"ALLOW_ALL","serviceAccountEmail":"542895519847-compute@developer.gserviceaccount.com","availableMemory":"256Mi","maxInstanceRequestConcurrency":80,"availableCpu":"1"},"state":"FAILED","labels":{"deployment-callable":"true","firebase-functions-hash":"96ad5a3c4a728af6f8748404f106ce0e7782af79"},"stateMessages":[{"severity":"ERROR","type":"CloudRunServiceNotFound","message":"Cloud Run service projects/campusbite-7d7c6/locations/us-central1/services/updateorderstatus for the function was not found. The function will not work correctly. Please redeploy."}],"environment":"GEN_2","url":"https://us-central1-campusbite-7d7c6.cloudfunctions.net/updateOrderStatus","satisfiesPzi":true},"stages":[{"name":"BUILD","message":"Reusing build","state":"COMPLETE","resource":"projects/542895519847/locations/us-central1/builds/3c6057a2-6d39-40f7-93ae-7a1524d4a3e5"},{"name":"SERVICE","message":"Updating Cloud Run service","state":"IN_PROGRESS","resource":"projects/campusbite-7d7c6/locations/us-central1/services/updateorderstatus","resourceUri":"https://console.cloud.google.com/run/detail/us-central1/updateorderstatus?project=campusbite-7d7c6","stateMessages":[{"severity":"WARNING","type":"CloudRunServiceRecreated","message":"Cloud Run service projects/campusbite-7d7c6/locations/us-central1/services/updateorderstatus for the function was not found. The service was redeployed with default values."}]}],"sourceToken":"Cldwcm9qZWN0cy81NDI4OTU1MTk4NDcvbG9jYXRpb25zL3VzLWNlbnRyYWwxL2J1aWxkcy8zYzYwNTdhMi02ZDM5LTQwZjctOTNhZS03YTE1MjRkNGEzZTUSggF1cy1jZW50cmFsMS1kb2NrZXIucGtnLmRldi9jYW1wdXNiaXRlLTdkN2M2L2djZi1hcnRpZmFjdHMvY2FtcHVzYml0ZS0tN2Q3YzZfX3VzLS1jZW50cmFsMV9fc2VuZF9vcmRlcl9yZWFkeV9ub3RpZmljYXRpb246dmVyc2lvbl8xGOfw4LjmDyJUcHJvamVjdHMvY2FtcHVzYml0ZS03ZDdjNi9sb2NhdGlvbnMvdXMtY2VudHJhbDEvZnVuY3Rpb25zL3NlbmRPcmRlclJlYWR5Tm90aWZpY2F0aW9uKgwIuNyY0QYQ4KP+kQEyCG5vZGVqczI0OnYKI2djci5pby9nYWUtcnVudGltZXMvbm9kZWpzMjQ6c3RhYmxlEk91cy1jZW50cmFsMS1kb2NrZXIucGtnLmRldi9zZXJ2ZXJsZXNzLXJ1bnRpbWVzL2dvb2dsZS0yNC1mdWxsL3J1bnRpbWVzL25vZGVqczI0QAE=","operationType":"UPDATE_FUNCTION","buildName":"projects/542895519847/locations/us-central1/builds/3c6057a2-6d39-40f7-93ae-7a1524d4a3e5"},"done":false}
[debug] [2026-06-08T02:51:55.903Z] Got source token Cldwcm9qZWN0cy81NDI4OTU1MTk4NDcvbG9jYXRpb25zL3VzLWNlbnRyYWwxL2J1aWxkcy8zYzYwNTdhMi02ZDM5LTQwZjctOTNhZS03YTE1MjRkNGEzZTUSggF1cy1jZW50cmFsMS1kb2NrZXIucGtnLmRldi9jYW1wdXNiaXRlLTdkN2M2L2djZi1hcnRpZmFjdHMvY2FtcHVzYml0ZS0tN2Q3YzZfX3VzLS1jZW50cmFsMV9fc2VuZF9vcmRlcl9yZWFkeV9ub3RpZmljYXRpb246dmVyc2lvbl8xGOfw4LjmDyJUcHJvamVjdHMvY2FtcHVzYml0ZS03ZDdjNi9sb2NhdGlvbnMvdXMtY2VudHJhbDEvZnVuY3Rpb25zL3NlbmRPcmRlclJlYWR5Tm90aWZpY2F0aW9uKgwIuNyY0QYQ4KP+kQEyCG5vZGVqczI0OnYKI2djci5pby9nYWUtcnVudGltZXMvbm9kZWpzMjQ6c3RhYmxlEk91cy1jZW50cmFsMS1kb2NrZXIucGtnLmRldi9zZXJ2ZXJsZXNzLXJ1bnRpbWVzL2dvb2dsZS0yNC1mdWxsL3J1bnRpbWVzL25vZGVqczI0QAE= for region us-central1
[debug] [2026-06-08T02:51:57.407Z] [create-default-us-central1-sendOrderReadyNotification] Retrying task index 0
[debug] [2026-06-08T02:51:57.408Z] Checked if tokens are valid: true, expires at: 1780889226631
[debug] [2026-06-08T02:51:57.409Z] Checked if tokens are valid: true, expires at: 1780889226631
[debug] [2026-06-08T02:51:57.409Z] >>> [apiv2][query] GET https://cloudfunctions.googleapis.com/v2/projects/campusbite-7d7c6/locations/us-central1/operations/operation-1780887043075-653b513966bd8-36c76c5b-fa21c7e6 [none]
[debug] [2026-06-08T02:51:57.907Z] [update-default-us-central1-updateOrderStatus] Retrying task index 0
[debug] [2026-06-08T02:51:57.908Z] Checked if tokens are valid: true, expires at: 1780889226631
[debug] [2026-06-08T02:51:57.908Z] Checked if tokens are valid: true, expires at: 1780889226631
[debug] [2026-06-08T02:51:57.908Z] >>> [apiv2][query] GET https://cloudfunctions.googleapis.com/v2/projects/campusbite-7d7c6/locations/us-central1/operations/operation-1780887109082-653b517859e5a-7ddf3106-40bc9175 [none]
[debug] [2026-06-08T02:51:58.913Z] <<< [apiv2][status] GET https://cloudfunctions.googleapis.com/v2/projects/campusbite-7d7c6/locations/us-central1/operations/operation-1780887043075-653b513966bd8-36c76c5b-fa21c7e6 200
[debug] [2026-06-08T02:51:58.915Z] <<< [apiv2][body] GET https://cloudfunctions.googleapis.com/v2/projects/campusbite-7d7c6/locations/us-central1/operations/operation-1780887043075-653b513966bd8-36c76c5b-fa21c7e6 {"name":"projects/campusbite-7d7c6/locations/us-central1/operations/operation-1780887043075-653b513966bd8-36c76c5b-fa21c7e6","metadata":{"@type":"type.googleapis.com/google.cloud.functions.v2.OperationMetadata","createTime":"2026-06-08T02:50:44.592531015Z","target":"projects/campusbite-7d7c6/locations/us-central1/functions/sendOrderReadyNotification","verb":"create","cancelRequested":false,"apiVersion":"v2","requestResource":{"@type":"type.googleapis.com/google.cloud.functions.v2.Function","name":"projects/campusbite-7d7c6/locations/us-central1/functions/sendOrderReadyNotification","buildConfig":{"runtime":"nodejs24","entryPoint":"sendOrderReadyNotification","source":{"storageSource":{"bucket":"gcf-v2-sources-542895519847-us-central1","object":"sendOrderReadyNotification/function-source.zip","generation":"1780887043326888"}},"environmentVariables":{"GOOGLE_NODE_RUN_SCRIPTS":""},"serviceAccount":"projects/campusbite-7d7c6/serviceAccounts/542895519847-compute@developer.gserviceaccount.com","automaticUpdatePolicy":{}},"serviceConfig":{"service":"projects/campusbite-7d7c6/locations/us-central1/services/sendorderreadynotification","timeoutSeconds":60,"environmentVariables":{"FIREBASE_CONFIG":"{\"projectId\":\"campusbite-7d7c6\",\"storageBucket\":\"campusbite-7d7c6.firebasestorage.app\"}","GCLOUD_PROJECT":"campusbite-7d7c6","EVENTARC_CLOUD_EVENT_SOURCE":"projects/campusbite-7d7c6/locations/us-central1/services/sendOrderReadyNotification","FUNCTION_SIGNATURE_TYPE":"cloudevent","FUNCTION_TARGET":"sendOrderReadyNotification","LOG_EXECUTION_ID":"true"},"ingressSettings":"ALLOW_ALL","serviceAccountEmail":"542895519847-compute@developer.gserviceaccount.com","availableMemory":"256Mi","maxInstanceRequestConcurrency":80,"availableCpu":"1"},"eventTrigger":{"trigger":"projects/campusbite-7d7c6/locations/asia-south1/triggers/sendorderreadynotification-007485","triggerRegion":"asia-south1","eventType":"google.cloud.firestore.document.v1.updated","eventFilters":[{"attribute":"database","value":"(default)"},{"attribute":"namespace","value":"(default)"},{"attribute":"document","value":"orders/{orderId}","operator":"match-path-pattern"}],"serviceAccountEmail":"542895519847-compute@developer.gserviceaccount.com","retryPolicy":"RETRY_POLICY_DO_NOT_RETRY"},"labels":{"deployment-tool":"cli-firebase","firebase-functions-hash":"96ad5a3c4a728af6f8748404f106ce0e7782af79"},"environment":"GEN_2"},"stages":[{"name":"BUILD","message":"Build finished","state":"COMPLETE","resource":"projects/542895519847/locations/us-central1/builds/3c6057a2-6d39-40f7-93ae-7a1524d4a3e5","resourceUri":"https://console.cloud.google.com/cloud-build/builds;region=us-central1/3c6057a2-6d39-40f7-93ae-7a1524d4a3e5?project=542895519847"},{"name":"SERVICE","message":"Creating Cloud Run service","state":"COMPLETE","resource":"projects/campusbite-7d7c6/locations/us-central1/services/sendorderreadynotification","resourceUri":"https://console.cloud.google.com/run/detail/us-central1/sendorderreadynotification?project=campusbite-7d7c6"},{"name":"TRIGGER","message":"Creating Eventarc trigger","state":"IN_PROGRESS","resource":"projects/campusbite-7d7c6/locations/asia-south1/triggers/sendorderreadynotification-007485"}],"sourceToken":"Cldwcm9qZWN0cy81NDI4OTU1MTk4NDcvbG9jYXRpb25zL3VzLWNlbnRyYWwxL2J1aWxkcy8zYzYwNTdhMi02ZDM5LTQwZjctOTNhZS03YTE1MjRkNGEzZTUSggF1cy1jZW50cmFsMS1kb2NrZXIucGtnLmRldi9jYW1wdXNiaXRlLTdkN2M2L2djZi1hcnRpZmFjdHMvY2FtcHVzYml0ZS0tN2Q3YzZfX3VzLS1jZW50cmFsMV9fc2VuZF9vcmRlcl9yZWFkeV9ub3RpZmljYXRpb246dmVyc2lvbl8xGOfw4LjmDyJUcHJvamVjdHMvY2FtcHVzYml0ZS03ZDdjNi9sb2NhdGlvbnMvdXMtY2VudHJhbDEvZnVuY3Rpb25zL3NlbmRPcmRlclJlYWR5Tm90aWZpY2F0aW9uKgwIuNyY0QYQ4KP+kQEyCG5vZGVqczI0OnYKI2djci5pby9nYWUtcnVudGltZXMvbm9kZWpzMjQ6c3RhYmxlEk91cy1jZW50cmFsMS1kb2NrZXIucGtnLmRldi9zZXJ2ZXJsZXNzLXJ1bnRpbWVzL2dvb2dsZS0yNC1mdWxsL3J1bnRpbWVzL25vZGVqczI0QAE=","operationType":"CREATE_FUNCTION","buildName":"projects/542895519847/locations/us-central1/builds/3c6057a2-6d39-40f7-93ae-7a1524d4a3e5"},"done":false}
[debug] [2026-06-08T02:51:58.916Z] Got source token Cldwcm9qZWN0cy81NDI4OTU1MTk4NDcvbG9jYXRpb25zL3VzLWNlbnRyYWwxL2J1aWxkcy8zYzYwNTdhMi02ZDM5LTQwZjctOTNhZS03YTE1MjRkNGEzZTUSggF1cy1jZW50cmFsMS1kb2NrZXIucGtnLmRldi9jYW1wdXNiaXRlLTdkN2M2L2djZi1hcnRpZmFjdHMvY2FtcHVzYml0ZS0tN2Q3YzZfX3VzLS1jZW50cmFsMV9fc2VuZF9vcmRlcl9yZWFkeV9ub3RpZmljYXRpb246dmVyc2lvbl8xGOfw4LjmDyJUcHJvamVjdHMvY2FtcHVzYml0ZS03ZDdjNi9sb2NhdGlvbnMvdXMtY2VudHJhbDEvZnVuY3Rpb25zL3NlbmRPcmRlclJlYWR5Tm90aWZpY2F0aW9uKgwIuNyY0QYQ4KP+kQEyCG5vZGVqczI0OnYKI2djci5pby9nYWUtcnVudGltZXMvbm9kZWpzMjQ6c3RhYmxlEk91cy1jZW50cmFsMS1kb2NrZXIucGtnLmRldi9zZXJ2ZXJsZXNzLXJ1bnRpbWVzL2dvb2dsZS0yNC1mdWxsL3J1bnRpbWVzL25vZGVqczI0QAE= for region us-central1
[debug] [2026-06-08T02:51:59.929Z] <<< [apiv2][status] GET https://cloudfunctions.googleapis.com/v2/projects/campusbite-7d7c6/locations/us-central1/operations/operation-1780887109082-653b517859e5a-7ddf3106-40bc9175 200
[debug] [2026-06-08T02:51:59.930Z] <<< [apiv2][body] GET https://cloudfunctions.googleapis.com/v2/projects/campusbite-7d7c6/locations/us-central1/operations/operation-1780887109082-653b517859e5a-7ddf3106-40bc9175 {"name":"projects/campusbite-7d7c6/locations/us-central1/operations/operation-1780887109082-653b517859e5a-7ddf3106-40bc9175","metadata":{"@type":"type.googleapis.com/google.cloud.functions.v2.OperationMetadata","createTime":"2026-06-08T02:51:49.802440477Z","endTime":"2026-06-08T02:51:56.887808622Z","target":"projects/campusbite-7d7c6/locations/us-central1/functions/updateOrderStatus","verb":"update","cancelRequested":false,"apiVersion":"v2","requestResource":{"@type":"type.googleapis.com/google.cloud.functions.v2.Function","name":"projects/campusbite-7d7c6/locations/us-central1/functions/updateOrderStatus","buildConfig":{"runtime":"nodejs24","entryPoint":"updateOrderStatus","source":{"storageSource":{"bucket":"gcf-v2-sources-542895519847-us-central1","object":"updateOrderStatus/function-source.zip","generation":"1780887109756217"}},"environmentVariables":{"GOOGLE_NODE_RUN_SCRIPTS":""},"dockerRepository":"projects/campusbite-7d7c6/locations/us-central1/repositories/gcf-artifacts","sourceProvenance":{"resolvedStorageSource":{"bucket":"gcf-v2-sources-542895519847-us-central1","object":"updateOrderStatus/function-source.zip","generation":"1780886772224960"}},"dockerRegistry":"ARTIFACT_REGISTRY","sourceToken":"Cldwcm9qZWN0cy81NDI4OTU1MTk4NDcvbG9jYXRpb25zL3VzLWNlbnRyYWwxL2J1aWxkcy8zYzYwNTdhMi02ZDM5LTQwZjctOTNhZS03YTE1MjRkNGEzZTUSggF1cy1jZW50cmFsMS1kb2NrZXIucGtnLmRldi9jYW1wdXNiaXRlLTdkN2M2L2djZi1hcnRpZmFjdHMvY2FtcHVzYml0ZS0tN2Q3YzZfX3VzLS1jZW50cmFsMV9fc2VuZF9vcmRlcl9yZWFkeV9ub3RpZmljYXRpb246dmVyc2lvbl8xGOfw4LjmDyJUcHJvamVjdHMvY2FtcHVzYml0ZS03ZDdjNi9sb2NhdGlvbnMvdXMtY2VudHJhbDEvZnVuY3Rpb25zL3NlbmRPcmRlclJlYWR5Tm90aWZpY2F0aW9uKgwIuNyY0QYQ4KP+kQEyCG5vZGVqczI0OnYKI2djci5pby9nYWUtcnVudGltZXMvbm9kZWpzMjQ6c3RhYmxlEk91cy1jZW50cmFsMS1kb2NrZXIucGtnLmRldi9zZXJ2ZXJsZXNzLXJ1bnRpbWVzL2dvb2dsZS0yNC1mdWxsL3J1bnRpbWVzL25vZGVqczI0QAE=","serviceAccount":"projects/campusbite-7d7c6/serviceAccounts/542895519847-compute@developer.gserviceaccount.com","automaticUpdatePolicy":{}},"serviceConfig":{"service":"projects/campusbite-7d7c6/locations/us-central1/services/updateorderstatus","timeoutSeconds":60,"environmentVariables":{"FIREBASE_CONFIG":"{\"projectId\":\"campusbite-7d7c6\",\"storageBucket\":\"campusbite-7d7c6.firebasestorage.app\"}","GCLOUD_PROJECT":"campusbite-7d7c6","EVENTARC_CLOUD_EVENT_SOURCE":"projects/campusbite-7d7c6/locations/us-central1/services/updateOrderStatus","FUNCTION_TARGET":"updateOrderStatus","LOG_EXECUTION_ID":"true","FUNCTION_SIGNATURE_TYPE":"http"},"ingressSettings":"ALLOW_ALL","serviceAccountEmail":"542895519847-compute@developer.gserviceaccount.com","availableMemory":"256Mi","maxInstanceRequestConcurrency":80,"availableCpu":"1"},"state":"FAILED","labels":{"deployment-callable":"true","firebase-functions-hash":"96ad5a3c4a728af6f8748404f106ce0e7782af79"},"stateMessages":[{"severity":"ERROR","type":"CloudRunServiceNotFound","message":"Cloud Run service projects/campusbite-7d7c6/locations/us-central1/services/updateorderstatus for the function was not found. The function will not work correctly. Please redeploy."}],"environment":"GEN_2","url":"https://us-central1-campusbite-7d7c6.cloudfunctions.net/updateOrderStatus","satisfiesPzi":true},"stages":[{"name":"BUILD","message":"Reusing build","state":"COMPLETE","resource":"projects/542895519847/locations/us-central1/builds/3c6057a2-6d39-40f7-93ae-7a1524d4a3e5"},{"name":"SERVICE","message":"Updating Cloud Run service","state":"COMPLETE","resource":"projects/campusbite-7d7c6/locations/us-central1/services/updateorderstatus","resourceUri":"https://console.cloud.google.com/run/detail/us-central1/updateorderstatus?project=campusbite-7d7c6","stateMessages":[{"severity":"WARNING","type":"CloudRunServiceRecreated","message":"Cloud Run service projects/campusbite-7d7c6/locations/us-central1/services/updateorderstatus for the function was not found. The service was redeployed with default values."}]}],"sourceToken":"Cldwcm9qZWN0cy81NDI4OTU1MTk4NDcvbG9jYXRpb25zL3VzLWNlbnRyYWwxL2J1aWxkcy8zYzYwNTdhMi02ZDM5LTQwZjctOTNhZS03YTE1MjRkNGEzZTUSggF1cy1jZW50cmFsMS1kb2NrZXIucGtnLmRldi9jYW1wdXNiaXRlLTdkN2M2L2djZi1hcnRpZmFjdHMvY2FtcHVzYml0ZS0tN2Q3YzZfX3VzLS1jZW50cmFsMV9fc2VuZF9vcmRlcl9yZWFkeV9ub3RpZmljYXRpb246dmVyc2lvbl8xGOfw4LjmDyJUcHJvamVjdHMvY2FtcHVzYml0ZS03ZDdjNi9sb2NhdGlvbnMvdXMtY2VudHJhbDEvZnVuY3Rpb25zL3NlbmRPcmRlclJlYWR5Tm90aWZpY2F0aW9uKgwIuNyY0QYQ4KP+kQEyCG5vZGVqczI0OnYKI2djci5pby9nYWUtcnVudGltZXMvbm9kZWpzMjQ6c3RhYmxlEk91cy1jZW50cmFsMS1kb2NrZXIucGtnLmRldi9zZXJ2ZXJsZXNzLXJ1bnRpbWVzL2dvb2dsZS0yNC1mdWxsL3J1bnRpbWVzL25vZGVqczI0QAE=","operationType":"UPDATE_FUNCTION","buildName":"projects/542895519847/locations/us-central1/builds/3c6057a2-6d39-40f7-93ae-7a1524d4a3e5"},"done":true,"response":{"@type":"type.googleapis.com/google.cloud.functions.v2.Function","name":"projects/campusbite-7d7c6/locations/us-central1/functions/updateOrderStatus","buildConfig":{"build":"projects/542895519847/locations/us-central1/builds/3c6057a2-6d39-40f7-93ae-7a1524d4a3e5","runtime":"nodejs24","entryPoint":"updateOrderStatus","source":{"storageSource":{"bucket":"gcf-v2-sources-542895519847-us-central1","object":"updateOrderStatus/function-source.zip","generation":"1780887109756217"}},"environmentVariables":{"GOOGLE_NODE_RUN_SCRIPTS":""},"dockerRepository":"projects/campusbite-7d7c6/locations/us-central1/repositories/gcf-artifacts","sourceProvenance":{"resolvedStorageSource":{"bucket":"gcf-v2-sources-542895519847-us-central1","object":"updateOrderStatus/function-source.zip","generation":"1780887109756217"}},"dockerRegistry":"ARTIFACT_REGISTRY","serviceAccount":"projects/campusbite-7d7c6/serviceAccounts/542895519847-compute@developer.gserviceaccount.com","automaticUpdatePolicy":{}},"serviceConfig":{"service":"projects/campusbite-7d7c6/locations/us-central1/services/updateorderstatus","timeoutSeconds":60,"environmentVariables":{"FIREBASE_CONFIG":"{\"projectId\":\"campusbite-7d7c6\",\"storageBucket\":\"campusbite-7d7c6.firebasestorage.app\"}","GCLOUD_PROJECT":"campusbite-7d7c6","EVENTARC_CLOUD_EVENT_SOURCE":"projects/campusbite-7d7c6/locations/us-central1/services/updateOrderStatus","FUNCTION_TARGET":"updateOrderStatus","LOG_EXECUTION_ID":"true","FUNCTION_SIGNATURE_TYPE":"http"},"ingressSettings":"ALLOW_ALL","uri":"https://updateorderstatus-swu473qikq-uc.a.run.app","serviceAccountEmail":"542895519847-compute@developer.gserviceaccount.com","availableMemory":"256Mi","allTrafficOnLatestRevision":true,"revision":"updateorderstatus-00001-xat","maxInstanceRequestConcurrency":80,"availableCpu":"1"},"state":"ACTIVE","updateTime":"2026-06-08T02:51:49.805003205Z","labels":{"deployment-callable":"true","firebase-functions-hash":"96ad5a3c4a728af6f8748404f106ce0e7782af79","deployment-tool":"cli-firebase"},"environment":"GEN_2","url":"https://us-central1-campusbite-7d7c6.cloudfunctions.net/updateOrderStatus","createTime":"2026-06-08T02:46:13.653693282Z","satisfiesPzi":true}}
[debug] [2026-06-08T02:51:59.935Z] Got source token Cldwcm9qZWN0cy81NDI4OTU1MTk4NDcvbG9jYXRpb25zL3VzLWNlbnRyYWwxL2J1aWxkcy8zYzYwNTdhMi02ZDM5LTQwZjctOTNhZS03YTE1MjRkNGEzZTUSggF1cy1jZW50cmFsMS1kb2NrZXIucGtnLmRldi9jYW1wdXNiaXRlLTdkN2M2L2djZi1hcnRpZmFjdHMvY2FtcHVzYml0ZS0tN2Q3YzZfX3VzLS1jZW50cmFsMV9fc2VuZF9vcmRlcl9yZWFkeV9ub3RpZmljYXRpb246dmVyc2lvbl8xGOfw4LjmDyJUcHJvamVjdHMvY2FtcHVzYml0ZS03ZDdjNi9sb2NhdGlvbnMvdXMtY2VudHJhbDEvZnVuY3Rpb25zL3NlbmRPcmRlclJlYWR5Tm90aWZpY2F0aW9uKgwIuNyY0QYQ4KP+kQEyCG5vZGVqczI0OnYKI2djci5pby9nYWUtcnVudGltZXMvbm9kZWpzMjQ6c3RhYmxlEk91cy1jZW50cmFsMS1kb2NrZXIucGtnLmRldi9zZXJ2ZXJsZXNzLXJ1bnRpbWVzL2dvb2dsZS0yNC1mdWxsL3J1bnRpbWVzL25vZGVqczI0QAE= for region us-central1
[info] +  functions[updateOrderStatus(us-central1)] Successful update operation. 
[debug] [2026-06-08T02:52:08.932Z] [create-default-us-central1-sendOrderReadyNotification] Retrying task index 0
[debug] [2026-06-08T02:52:08.933Z] Checked if tokens are valid: true, expires at: 1780889226631
[debug] [2026-06-08T02:52:08.933Z] Checked if tokens are valid: true, expires at: 1780889226631
[debug] [2026-06-08T02:52:08.934Z] >>> [apiv2][query] GET https://cloudfunctions.googleapis.com/v2/projects/campusbite-7d7c6/locations/us-central1/operations/operation-1780887043075-653b513966bd8-36c76c5b-fa21c7e6 [none]
[debug] [2026-06-08T02:52:10.814Z] <<< [apiv2][status] GET https://cloudfunctions.googleapis.com/v2/projects/campusbite-7d7c6/locations/us-central1/operations/operation-1780887043075-653b513966bd8-36c76c5b-fa21c7e6 200
[debug] [2026-06-08T02:52:10.814Z] <<< [apiv2][body] GET https://cloudfunctions.googleapis.com/v2/projects/campusbite-7d7c6/locations/us-central1/operations/operation-1780887043075-653b513966bd8-36c76c5b-fa21c7e6 {"name":"projects/campusbite-7d7c6/locations/us-central1/operations/operation-1780887043075-653b513966bd8-36c76c5b-fa21c7e6","metadata":{"@type":"type.googleapis.com/google.cloud.functions.v2.OperationMetadata","createTime":"2026-06-08T02:50:44.592531015Z","target":"projects/campusbite-7d7c6/locations/us-central1/functions/sendOrderReadyNotification","verb":"create","cancelRequested":false,"apiVersion":"v2","requestResource":{"@type":"type.googleapis.com/google.cloud.functions.v2.Function","name":"projects/campusbite-7d7c6/locations/us-central1/functions/sendOrderReadyNotification","buildConfig":{"runtime":"nodejs24","entryPoint":"sendOrderReadyNotification","source":{"storageSource":{"bucket":"gcf-v2-sources-542895519847-us-central1","object":"sendOrderReadyNotification/function-source.zip","generation":"1780887043326888"}},"environmentVariables":{"GOOGLE_NODE_RUN_SCRIPTS":""},"serviceAccount":"projects/campusbite-7d7c6/serviceAccounts/542895519847-compute@developer.gserviceaccount.com","automaticUpdatePolicy":{}},"serviceConfig":{"service":"projects/campusbite-7d7c6/locations/us-central1/services/sendorderreadynotification","timeoutSeconds":60,"environmentVariables":{"FIREBASE_CONFIG":"{\"projectId\":\"campusbite-7d7c6\",\"storageBucket\":\"campusbite-7d7c6.firebasestorage.app\"}","GCLOUD_PROJECT":"campusbite-7d7c6","EVENTARC_CLOUD_EVENT_SOURCE":"projects/campusbite-7d7c6/locations/us-central1/services/sendOrderReadyNotification","FUNCTION_SIGNATURE_TYPE":"cloudevent","FUNCTION_TARGET":"sendOrderReadyNotification","LOG_EXECUTION_ID":"true"},"ingressSettings":"ALLOW_ALL","serviceAccountEmail":"542895519847-compute@developer.gserviceaccount.com","availableMemory":"256Mi","maxInstanceRequestConcurrency":80,"availableCpu":"1"},"eventTrigger":{"trigger":"projects/campusbite-7d7c6/locations/asia-south1/triggers/sendorderreadynotification-007485","triggerRegion":"asia-south1","eventType":"google.cloud.firestore.document.v1.updated","eventFilters":[{"attribute":"database","value":"(default)"},{"attribute":"namespace","value":"(default)"},{"attribute":"document","value":"orders/{orderId}","operator":"match-path-pattern"}],"serviceAccountEmail":"542895519847-compute@developer.gserviceaccount.com","retryPolicy":"RETRY_POLICY_DO_NOT_RETRY"},"labels":{"deployment-tool":"cli-firebase","firebase-functions-hash":"96ad5a3c4a728af6f8748404f106ce0e7782af79"},"environment":"GEN_2"},"stages":[{"name":"BUILD","message":"Build finished","state":"COMPLETE","resource":"projects/542895519847/locations/us-central1/builds/3c6057a2-6d39-40f7-93ae-7a1524d4a3e5","resourceUri":"https://console.cloud.google.com/cloud-build/builds;region=us-central1/3c6057a2-6d39-40f7-93ae-7a1524d4a3e5?project=542895519847"},{"name":"SERVICE","message":"Creating Cloud Run service","state":"COMPLETE","resource":"projects/campusbite-7d7c6/locations/us-central1/services/sendorderreadynotification","resourceUri":"https://console.cloud.google.com/run/detail/us-central1/sendorderreadynotification?project=campusbite-7d7c6"},{"name":"TRIGGER","message":"Creating Eventarc trigger","state":"IN_PROGRESS","resource":"projects/campusbite-7d7c6/locations/asia-south1/triggers/sendorderreadynotification-007485"}],"sourceToken":"Cldwcm9qZWN0cy81NDI4OTU1MTk4NDcvbG9jYXRpb25zL3VzLWNlbnRyYWwxL2J1aWxkcy8zYzYwNTdhMi02ZDM5LTQwZjctOTNhZS03YTE1MjRkNGEzZTUSggF1cy1jZW50cmFsMS1kb2NrZXIucGtnLmRldi9jYW1wdXNiaXRlLTdkN2M2L2djZi1hcnRpZmFjdHMvY2FtcHVzYml0ZS0tN2Q3YzZfX3VzLS1jZW50cmFsMV9fc2VuZF9vcmRlcl9yZWFkeV9ub3RpZmljYXRpb246dmVyc2lvbl8xGOfw4LjmDyJUcHJvamVjdHMvY2FtcHVzYml0ZS03ZDdjNi9sb2NhdGlvbnMvdXMtY2VudHJhbDEvZnVuY3Rpb25zL3NlbmRPcmRlclJlYWR5Tm90aWZpY2F0aW9uKgwIuNyY0QYQ4KP+kQEyCG5vZGVqczI0OnYKI2djci5pby9nYWUtcnVudGltZXMvbm9kZWpzMjQ6c3RhYmxlEk91cy1jZW50cmFsMS1kb2NrZXIucGtnLmRldi9zZXJ2ZXJsZXNzLXJ1bnRpbWVzL2dvb2dsZS0yNC1mdWxsL3J1bnRpbWVzL25vZGVqczI0QAE=","operationType":"CREATE_FUNCTION","buildName":"projects/542895519847/locations/us-central1/builds/3c6057a2-6d39-40f7-93ae-7a1524d4a3e5"},"done":false}
[debug] [2026-06-08T02:52:10.815Z] Got source token Cldwcm9qZWN0cy81NDI4OTU1MTk4NDcvbG9jYXRpb25zL3VzLWNlbnRyYWwxL2J1aWxkcy8zYzYwNTdhMi02ZDM5LTQwZjctOTNhZS03YTE1MjRkNGEzZTUSggF1cy1jZW50cmFsMS1kb2NrZXIucGtnLmRldi9jYW1wdXNiaXRlLTdkN2M2L2djZi1hcnRpZmFjdHMvY2FtcHVzYml0ZS0tN2Q3YzZfX3VzLS1jZW50cmFsMV9fc2VuZF9vcmRlcl9yZWFkeV9ub3RpZmljYXRpb246dmVyc2lvbl8xGOfw4LjmDyJUcHJvamVjdHMvY2FtcHVzYml0ZS03ZDdjNi9sb2NhdGlvbnMvdXMtY2VudHJhbDEvZnVuY3Rpb25zL3NlbmRPcmRlclJlYWR5Tm90aWZpY2F0aW9uKgwIuNyY0QYQ4KP+kQEyCG5vZGVqczI0OnYKI2djci5pby9nYWUtcnVudGltZXMvbm9kZWpzMjQ6c3RhYmxlEk91cy1jZW50cmFsMS1kb2NrZXIucGtnLmRldi9zZXJ2ZXJsZXNzLXJ1bnRpbWVzL2dvb2dsZS0yNC1mdWxsL3J1bnRpbWVzL25vZGVqczI0QAE= for region us-central1
[debug] [2026-06-08T02:52:20.824Z] [create-default-us-central1-sendOrderReadyNotification] Retrying task index 0
[debug] [2026-06-08T02:52:20.825Z] Checked if tokens are valid: true, expires at: 1780889226631
[debug] [2026-06-08T02:52:20.825Z] Checked if tokens are valid: true, expires at: 1780889226631
[debug] [2026-06-08T02:52:20.826Z] >>> [apiv2][query] GET https://cloudfunctions.googleapis.com/v2/projects/campusbite-7d7c6/locations/us-central1/operations/operation-1780887043075-653b513966bd8-36c76c5b-fa21c7e6 [none]
[debug] [2026-06-08T02:52:23.037Z] <<< [apiv2][status] GET https://cloudfunctions.googleapis.com/v2/projects/campusbite-7d7c6/locations/us-central1/operations/operation-1780887043075-653b513966bd8-36c76c5b-fa21c7e6 200
[debug] [2026-06-08T02:52:23.037Z] <<< [apiv2][body] GET https://cloudfunctions.googleapis.com/v2/projects/campusbite-7d7c6/locations/us-central1/operations/operation-1780887043075-653b513966bd8-36c76c5b-fa21c7e6 {"name":"projects/campusbite-7d7c6/locations/us-central1/operations/operation-1780887043075-653b513966bd8-36c76c5b-fa21c7e6","metadata":{"@type":"type.googleapis.com/google.cloud.functions.v2.OperationMetadata","createTime":"2026-06-08T02:50:44.592531015Z","endTime":"2026-06-08T02:52:10.108211742Z","target":"projects/campusbite-7d7c6/locations/us-central1/functions/sendOrderReadyNotification","verb":"create","cancelRequested":false,"apiVersion":"v2","requestResource":{"@type":"type.googleapis.com/google.cloud.functions.v2.Function","name":"projects/campusbite-7d7c6/locations/us-central1/functions/sendOrderReadyNotification","buildConfig":{"runtime":"nodejs24","entryPoint":"sendOrderReadyNotification","source":{"storageSource":{"bucket":"gcf-v2-sources-542895519847-us-central1","object":"sendOrderReadyNotification/function-source.zip","generation":"1780887043326888"}},"environmentVariables":{"GOOGLE_NODE_RUN_SCRIPTS":""},"serviceAccount":"projects/campusbite-7d7c6/serviceAccounts/542895519847-compute@developer.gserviceaccount.com","automaticUpdatePolicy":{}},"serviceConfig":{"service":"projects/campusbite-7d7c6/locations/us-central1/services/sendorderreadynotification","timeoutSeconds":60,"environmentVariables":{"FIREBASE_CONFIG":"{\"projectId\":\"campusbite-7d7c6\",\"storageBucket\":\"campusbite-7d7c6.firebasestorage.app\"}","GCLOUD_PROJECT":"campusbite-7d7c6","EVENTARC_CLOUD_EVENT_SOURCE":"projects/campusbite-7d7c6/locations/us-central1/services/sendOrderReadyNotification","FUNCTION_SIGNATURE_TYPE":"cloudevent","FUNCTION_TARGET":"sendOrderReadyNotification","LOG_EXECUTION_ID":"true"},"ingressSettings":"ALLOW_ALL","serviceAccountEmail":"542895519847-compute@developer.gserviceaccount.com","availableMemory":"256Mi","maxInstanceRequestConcurrency":80,"availableCpu":"1"},"eventTrigger":{"trigger":"projects/campusbite-7d7c6/locations/asia-south1/triggers/sendorderreadynotification-007485","triggerRegion":"asia-south1","eventType":"google.cloud.firestore.document.v1.updated","eventFilters":[{"attribute":"database","value":"(default)"},{"attribute":"namespace","value":"(default)"},{"attribute":"document","value":"orders/{orderId}","operator":"match-path-pattern"}],"serviceAccountEmail":"542895519847-compute@developer.gserviceaccount.com","retryPolicy":"RETRY_POLICY_DO_NOT_RETRY"},"labels":{"deployment-tool":"cli-firebase","firebase-functions-hash":"96ad5a3c4a728af6f8748404f106ce0e7782af79"},"environment":"GEN_2"},"stages":[{"name":"BUILD","message":"Build finished","state":"COMPLETE","resource":"projects/542895519847/locations/us-central1/builds/3c6057a2-6d39-40f7-93ae-7a1524d4a3e5","resourceUri":"https://console.cloud.google.com/cloud-build/builds;region=us-central1/3c6057a2-6d39-40f7-93ae-7a1524d4a3e5?project=542895519847"},{"name":"SERVICE","message":"Creating Cloud Run service","state":"COMPLETE","resource":"projects/campusbite-7d7c6/locations/us-central1/services/sendorderreadynotification","resourceUri":"https://console.cloud.google.com/run/detail/us-central1/sendorderreadynotification?project=campusbite-7d7c6"},{"name":"TRIGGER","message":"Creating Eventarc trigger","state":"COMPLETE","resource":"projects/campusbite-7d7c6/locations/asia-south1/triggers/sendorderreadynotification-007485"}],"sourceToken":"Cldwcm9qZWN0cy81NDI4OTU1MTk4NDcvbG9jYXRpb25zL3VzLWNlbnRyYWwxL2J1aWxkcy8zYzYwNTdhMi02ZDM5LTQwZjctOTNhZS03YTE1MjRkNGEzZTUSggF1cy1jZW50cmFsMS1kb2NrZXIucGtnLmRldi9jYW1wdXNiaXRlLTdkN2M2L2djZi1hcnRpZmFjdHMvY2FtcHVzYml0ZS0tN2Q3YzZfX3VzLS1jZW50cmFsMV9fc2VuZF9vcmRlcl9yZWFkeV9ub3RpZmljYXRpb246dmVyc2lvbl8xGOfw4LjmDyJUcHJvamVjdHMvY2FtcHVzYml0ZS03ZDdjNi9sb2NhdGlvbnMvdXMtY2VudHJhbDEvZnVuY3Rpb25zL3NlbmRPcmRlclJlYWR5Tm90aWZpY2F0aW9uKgwIuNyY0QYQ4KP+kQEyCG5vZGVqczI0OnYKI2djci5pby9nYWUtcnVudGltZXMvbm9kZWpzMjQ6c3RhYmxlEk91cy1jZW50cmFsMS1kb2NrZXIucGtnLmRldi9zZXJ2ZXJsZXNzLXJ1bnRpbWVzL2dvb2dsZS0yNC1mdWxsL3J1bnRpbWVzL25vZGVqczI0QAE=","operationType":"CREATE_FUNCTION","buildName":"projects/542895519847/locations/us-central1/builds/3c6057a2-6d39-40f7-93ae-7a1524d4a3e5"},"done":true,"response":{"@type":"type.googleapis.com/google.cloud.functions.v2.Function","name":"projects/campusbite-7d7c6/locations/us-central1/functions/sendOrderReadyNotification","buildConfig":{"build":"projects/542895519847/locations/us-central1/builds/3c6057a2-6d39-40f7-93ae-7a1524d4a3e5","runtime":"nodejs24","entryPoint":"sendOrderReadyNotification","source":{"storageSource":{"bucket":"gcf-v2-sources-542895519847-us-central1","object":"sendOrderReadyNotification/function-source.zip","generation":"1780887043326888"}},"environmentVariables":{"GOOGLE_NODE_RUN_SCRIPTS":""},"dockerRepository":"projects/campusbite-7d7c6/locations/us-central1/repositories/gcf-artifacts","sourceProvenance":{"resolvedStorageSource":{"bucket":"gcf-v2-sources-542895519847-us-central1","object":"sendOrderReadyNotification/function-source.zip","generation":"1780887043326888"}},"dockerRegistry":"ARTIFACT_REGISTRY","serviceAccount":"projects/campusbite-7d7c6/serviceAccounts/542895519847-compute@developer.gserviceaccount.com","automaticUpdatePolicy":{}},"serviceConfig":{"service":"projects/campusbite-7d7c6/locations/us-central1/services/sendorderreadynotification","timeoutSeconds":60,"environmentVariables":{"FIREBASE_CONFIG":"{\"projectId\":\"campusbite-7d7c6\",\"storageBucket\":\"campusbite-7d7c6.firebasestorage.app\"}","GCLOUD_PROJECT":"campusbite-7d7c6","EVENTARC_CLOUD_EVENT_SOURCE":"projects/campusbite-7d7c6/locations/us-central1/services/sendOrderReadyNotification","FUNCTION_SIGNATURE_TYPE":"cloudevent","FUNCTION_TARGET":"sendOrderReadyNotification","LOG_EXECUTION_ID":"true"},"ingressSettings":"ALLOW_ALL","uri":"https://sendorderreadynotification-swu473qikq-uc.a.run.app","serviceAccountEmail":"542895519847-compute@developer.gserviceaccount.com","availableMemory":"256Mi","allTrafficOnLatestRevision":true,"revision":"sendorderreadynotification-00001-nez","maxInstanceRequestConcurrency":80,"availableCpu":"1"},"eventTrigger":{"trigger":"projects/campusbite-7d7c6/locations/asia-south1/triggers/sendorderreadynotification-007485","triggerRegion":"asia-south1","eventType":"google.cloud.firestore.document.v1.updated","eventFilters":[{"attribute":"database","value":"(default)"},{"attribute":"namespace","value":"(default)"},{"attribute":"document","value":"orders/{orderId}","operator":"match-path-pattern"}],"pubsubTopic":"projects/campusbite-7d7c6/topics/eventarc-asia-south1-sendorderreadynotification-007485-680","serviceAccountEmail":"542895519847-compute@developer.gserviceaccount.com","retryPolicy":"RETRY_POLICY_DO_NOT_RETRY"},"state":"ACTIVE","updateTime":"2026-06-08T02:50:44.583593162Z","labels":{"deployment-tool":"cli-firebase","firebase-functions-hash":"96ad5a3c4a728af6f8748404f106ce0e7782af79"},"environment":"GEN_2","url":"https://us-central1-campusbite-7d7c6.cloudfunctions.net/sendOrderReadyNotification","createTime":"2026-06-08T02:50:44.583593162Z","satisfiesPzi":true}}
[debug] [2026-06-08T02:52:23.039Z] Got source token Cldwcm9qZWN0cy81NDI4OTU1MTk4NDcvbG9jYXRpb25zL3VzLWNlbnRyYWwxL2J1aWxkcy8zYzYwNTdhMi02ZDM5LTQwZjctOTNhZS03YTE1MjRkNGEzZTUSggF1cy1jZW50cmFsMS1kb2NrZXIucGtnLmRldi9jYW1wdXNiaXRlLTdkN2M2L2djZi1hcnRpZmFjdHMvY2FtcHVzYml0ZS0tN2Q3YzZfX3VzLS1jZW50cmFsMV9fc2VuZF9vcmRlcl9yZWFkeV9ub3RpZmljYXRpb246dmVyc2lvbl8xGOfw4LjmDyJUcHJvamVjdHMvY2FtcHVzYml0ZS03ZDdjNi9sb2NhdGlvbnMvdXMtY2VudHJhbDEvZnVuY3Rpb25zL3NlbmRPcmRlclJlYWR5Tm90aWZpY2F0aW9uKgwIuNyY0QYQ4KP+kQEyCG5vZGVqczI0OnYKI2djci5pby9nYWUtcnVudGltZXMvbm9kZWpzMjQ6c3RhYmxlEk91cy1jZW50cmFsMS1kb2NrZXIucGtnLmRldi9zZXJ2ZXJsZXNzLXJ1bnRpbWVzL2dvb2dsZS0yNC1mdWxsL3J1bnRpbWVzL25vZGVqczI0QAE= for region us-central1
[info] +  functions[sendOrderReadyNotification(us-central1)] Successful create operation. 
[debug] [2026-06-08T02:52:23.061Z] Total Function Deployment time: 101760
[debug] [2026-06-08T02:52:23.062Z] 2 Functions Deployed
[debug] [2026-06-08T02:52:23.062Z] 0 Functions Errored
[debug] [2026-06-08T02:52:23.063Z] 0 Function Deployments Aborted
[debug] [2026-06-08T02:52:23.063Z] Average Function Deployment time: 90204.5
[debug] [2026-06-08T02:52:23.835Z] Checked if tokens are valid: true, expires at: 1780889226631
[debug] [2026-06-08T02:52:23.836Z] Checked if tokens are valid: true, expires at: 1780889226631
[debug] [2026-06-08T02:52:23.837Z] >>> [apiv2][query] GET https://artifactregistry.googleapis.com/v1/projects/campusbite-7d7c6/locations/us-central1/repositories/gcf-artifacts [none]
[debug] [2026-06-08T02:52:25.699Z] <<< [apiv2][status] GET https://artifactregistry.googleapis.com/v1/projects/campusbite-7d7c6/locations/us-central1/repositories/gcf-artifacts 200
[debug] [2026-06-08T02:52:25.700Z] <<< [apiv2][body] GET https://artifactregistry.googleapis.com/v1/projects/campusbite-7d7c6/locations/us-central1/repositories/gcf-artifacts {"name":"projects/campusbite-7d7c6/locations/us-central1/repositories/gcf-artifacts","format":"DOCKER","description":"This repository is created and used by Cloud Functions for storing function docker images.","labels":{"goog-managed-by":"cloudfunctions"},"createTime":"2026-06-08T02:46:22.466997Z","updateTime":"2026-06-08T02:51:27.626099Z","mode":"STANDARD_REPOSITORY","cleanupPolicies":{"firebase-functions-cleanup":{"id":"firebase-functions-cleanup","action":"DELETE","condition":{"tagState":"ANY","olderThan":"86400s"}}},"sizeBytes":"104274795","vulnerabilityScanningConfig":{"lastEnableTime":"2026-06-08T02:46:13.876110059Z","enablementState":"SCANNING_DISABLED","enablementStateReason":"API containerscanning.googleapis.com is not enabled."},"satisfiesPzi":true,"registryUri":"us-central1-docker.pkg.dev/campusbite-7d7c6/gcf-artifacts"}
[info] 
[info] +  Deploy complete! 
[info] 
[info] Project Console: https://console.firebase.google.com/project/campusbite-7d7c6/overview
